Product Name,Price,Rating,Reviews,Original_Price,Price_Difference,Out_of_Stock,Brand,Sponsored,Delivery_Mumbai,Delivery_Delhi,Price_Quartile
UltinoPro Cylinder Fitting Gas Safety Device Gas Detect...,1865,3.8,0,2238.0,373.0,0,UltinoPro,Organic,4,3,High
UltinoPro Cylinder Fitting Gas Safety Device Gas Detect...,4500,3.8,0,5400.0,900.0,1,UltinoPro,Organic,4,2,High
SOHUM Gas Safety 3 Device Gas Leakage Detector with 3 Y...,1428,3.8,0,1713.6,285.5999999999999,0,SOHUM,Organic,1,1,Mid-High
SOHUM Gas Safety 3 Device Gas Leakage Detector with 3 Y...,4300,3.8,0,5160.0,860.0,0,SOHUM,Organic,4,4,High
SOHUM Gas Safety 3 Device Gas Leakage Detector with 3 Y...,1357,3.8,0,1628.3999999999999,271.39999999999986,0,SOHUM,Organic,1,5,Mid-High
agni shield LPG Leak Detector 24V Type Gas Detector,2701,3.8,0,3241.2,540.1999999999998,0,agni,Organic,5,5,High
agni shield LPG Leak Detector 24V Type Gas Detector,4999,3.8,0,5998.8,999.8000000000002,0,agni,Organic,4,2,High
agni shield LPG Leak Detector 24V Type Gas Detector,2601,3.8,0,3121.2,520.1999999999998,0,agni,Sponsored,3,2,High
"amiciSense WiFi LPG /Natural Gas Leak Alarm Sensor, Sma...",2715,3.8,0,3258.0,543.0,0,amiciSense,Organic,2,4,High
"amiciSense WiFi LPG /Natural Gas Leak Alarm Sensor, Sma...",3500,3.8,0,4200.0,700.0,0,amiciSense,Sponsored,2,1,High
"Digital Craft Refrigerant Leak Detector Tool, High Sens...",5099,3.8,0,6118.8,1019.8000000000002,1,Digital,Sponsored,4,1,High
"Digital Craft Refrigerant Leak Detector Tool, High Sens...",10999,3.8,0,13198.8,2199.7999999999993,0,Digital,Organic,3,2,High
GASSAFE GAS SAFE TOH SAB SAFE Vertical Device Gas Detec...,998,3.8,0,1197.6,199.5999999999999,0,GASSAFE,Organic,4,1,Mid-High
GASSAFE GAS SAFE TOH SAB SAFE Vertical Device Gas Detec...,4499,3.8,0,5398.8,899.8000000000002,0,GASSAFE,Organic,5,4,High
GASSAFE GAS SAFE TOH SAB SAFE Vertical Device Gas Detec...,948,3.8,0,1137.6,189.5999999999999,0,GASSAFE,Organic,1,4,Mid-High
GASSAFE GAS SAFE TOH SAB SAFE Gassafe | Original Gas Cy...,957,3.8,0,1148.3999999999999,191.39999999999986,0,GASSAFE,Organic,1,2,Mid-High
GASSAFE GAS SAFE TOH SAB SAFE Gassafe | Original Gas Cy...,4499,3.8,0,5398.8,899.8000000000002,0,GASSAFE,Organic,1,1,High
GASSAFE GAS SAFE TOH SAB SAFE Gassafe | Original Gas Cy...,909,3.8,0,1090.8,181.79999999999995,0,GASSAFE,Organic,3,2,Mid-Low
Orzinpro GET-1001 Gas Detector,992,3.9,0,1190.3999999999999,198.39999999999986,0,Orzinpro,Organic,4,4,Mid-High
Orzinpro GET-1001 Gas Detector,4500,3.9,0,5400.0,900.0,0,Orzinpro,Sponsored,3,5,High
"All India Enterprises Diamond Safety Device, Leakage De...",1511,3.6,0,1813.2,302.20000000000005,0,All,Organic,3,3,Mid-High
"All India Enterprises Diamond Safety Device, Leakage De...",4500,3.6,0,5400.0,900.0,1,All,Organic,4,5,High
"All India Enterprises Diamond Safety Device, Leakage De...",1435,3.6,0,1722.0,287.0,0,All,Organic,1,1,Mid-High
AHA Gas leakage Detector Safety Device & 30% Gas Saving...,967,3.9,0,1160.3999999999999,193.39999999999986,1,AHA,Organic,5,5,Mid-High
AHA Gas leakage Detector Safety Device & 30% Gas Saving...,4500,3.9,0,5400.0,900.0,0,AHA,Organic,4,3,High
AHA Gas leakage Detector Safety Device & 30% Gas Saving...,919,3.9,0,1102.8,183.79999999999995,1,AHA,Sponsored,5,3,Mid-High
SMOKEDETECTOR 05 Gas Detector,1876,3.9,0,2251.2,375.1999999999998,0,SMOKEDETECTOR,Organic,5,2,High
SMOKEDETECTOR 05 Gas Detector,7995,3.9,0,9594.0,1599.0,0,SMOKEDETECTOR,Sponsored,3,5,High
SMOKEDETECTOR 05 Gas Detector,1782,3.9,0,2138.4,356.4000000000001,0,SMOKEDETECTOR,Organic,3,4,High
SOHUM Domestic LPG safety Device Gas Detector,1279,4.4,0,1534.8,255.79999999999995,0,SOHUM,Organic,5,1,Mid-High
SOHUM Domestic LPG safety Device Gas Detector,4300,4.4,0,5160.0,860.0,0,SOHUM,Organic,1,4,High
GASSAFE GAS SAFE TOH SAB SAFE Original Gas Cylinder Saf...,996,4.4,0,1195.2,199.20000000000005,0,GASSAFE,Organic,3,3,Mid-High
GASSAFE GAS SAFE TOH SAB SAFE Original Gas Cylinder Saf...,4999,4.4,0,5998.8,999.8000000000002,0,GASSAFE,Organic,3,4,High
GASSAFE GAS SAFE TOH SAB SAFE Original Gas Cylinder Saf...,946,4.4,0,1135.2,189.20000000000005,0,GASSAFE,Organic,4,5,Mid-High
SOHUM safety device Metal Gas leakage detector [PACK OF...,1693,4.2,0,2031.6,338.5999999999999,0,SOHUM,Organic,5,3,Mid-High
SOHUM safety device Metal Gas leakage detector [PACK OF...,4300,4.2,0,5160.0,860.0,0,SOHUM,Organic,4,1,High
SOHUM safety device Metal Gas leakage detector [PACK OF...,1608,4.2,0,1929.6,321.5999999999999,0,SOHUM,Sponsored,4,2,Mid-High
SOHUM Original & Genuine Gas Safe 100% Automatic Gas Sa...,1455,3.6,0,1746.0,291.0,0,SOHUM,Sponsored,3,3,Mid-High
SOHUM Original & Genuine Gas Safe 100% Automatic Gas Sa...,4300,3.6,0,5160.0,860.0,0,SOHUM,Sponsored,3,3,High
SOHUM Original & Genuine Gas Safe 100% Automatic Gas Sa...,1382,3.6,0,1658.3999999999999,276.39999999999986,0,SOHUM,Sponsored,4,5,Mid-High
SOHUM GD39 Gas leakage Detector Safety Device Gas Detec...,1697,3.6,0,2036.3999999999999,339.39999999999986,0,SOHUM,Organic,3,5,Mid-High
SOHUM GD39 Gas leakage Detector Safety Device Gas Detec...,4300,3.6,0,5160.0,860.0,0,SOHUM,Sponsored,5,3,High
SOHUM GD39 Gas leakage Detector Safety Device Gas Detec...,1612,3.6,0,1934.3999999999999,322.39999999999986,0,SOHUM,Organic,5,5,Mid-High
Om gas GAS SAFTY31 Gas Detector,1340,3.6,0,1608.0,268.0,0,Om,Organic,1,5,Mid-High
Om gas GAS SAFTY31 Gas Detector,4300,3.6,0,5160.0,860.0,1,Om,Sponsored,5,2,High
Pentbuns Gas Safety Device Gas Detector,1769,3.9,0,2122.7999999999997,353.7999999999997,1,Pentbuns,Organic,2,4,High
Pentbuns Gas Safety Device Gas Detector,2990,3.9,0,3588.0,598.0,0,Pentbuns,Organic,3,3,High
a h a GAS SAFET1 Gas Detector,994,3.9,0,1192.8,198.79999999999995,0,a,Sponsored,2,5,Mid-High
a h a GAS SAFET1 Gas Detector,4500,3.9,0,5400.0,900.0,0,a,Organic,5,2,High
SOHUM Automatic Gas Safety Device Leakage [AUTO CUT OFF...,1359,4.1,0,1630.8,271.79999999999995,0,SOHUM,Sponsored,2,2,Mid-High
SOHUM Automatic Gas Safety Device Leakage [AUTO CUT OFF...,4300,4.1,0,5160.0,860.0,0,SOHUM,Organic,1,5,High
Lifelong LLDS03 Gas Detector,3645,4.1,0,4374.0,729.0,1,Lifelong,Organic,4,3,High
Lifelong LLDS03 Gas Detector,4500,4.1,0,5400.0,900.0,0,Lifelong,Organic,5,1,High
Lifelong LLDS03 Gas Detector,3545,4.1,0,4254.0,709.0,0,Lifelong,Organic,2,2,High
Om gas Safety Device & 30% Gas Saving for All Gas Cylin...,1519,3.5,0,1822.8,303.79999999999995,0,Om,Organic,5,2,Mid-High
Om gas Safety Device & 30% Gas Saving for All Gas Cylin...,4300,3.5,0,5160.0,860.0,0,Om,Organic,5,5,High
Ajlon IoT Gas Detector Gas Detector,5876,3.5,0,7051.2,1175.1999999999998,0,Ajlon,Sponsored,2,1,High
Ajlon IoT Gas Detector Gas Detector,6500,3.5,0,7800.0,1300.0,0,Ajlon,Organic,5,1,High
INDIAS ULTINO-PRO (Gold Original Gas safety Safety Devi...,2092,3.9,0,2510.4,418.4000000000001,1,INDIAS,Organic,4,3,High
INDIAS ULTINO-PRO (Gold Original Gas safety Safety Devi...,4500,3.9,0,5400.0,900.0,0,INDIAS,Organic,4,5,High
INDIAS ULTINO-PRO (Gold Original Gas safety Safety Devi...,1992,3.9,0,2390.4,398.4000000000001,0,INDIAS,Organic,4,4,High
Om gas GAS SAFTY 31 Gas Detector,1543,3.9,0,1851.6,308.5999999999999,0,Om,Organic,3,5,Mid-High
Om gas GAS SAFTY 31 Gas Detector,4300,3.9,0,5160.0,860.0,0,Om,Organic,2,4,High
Om gas GAS SAFTY 31 Gas Detector,1466,3.9,0,1759.2,293.20000000000005,0,Om,Organic,4,4,Mid-High
a h a GAS DEVICE GSD005 Gas Detector,970,3.9,0,1164.0,194.0,0,a,Organic,5,2,Mid-High
a h a GAS DEVICE GSD005 Gas Detector,3390,3.9,0,4068.0,678.0,0,a,Sponsored,3,5,High
AHA GD9 Gas leakage Detector Safety Device Gas Detector...,1686,3.9,0,2023.1999999999998,337.1999999999998,0,AHA,Organic,4,3,Mid-High
AHA GD9 Gas leakage Detector Safety Device Gas Detector...,4300,3.9,0,5160.0,860.0,1,AHA,Organic,4,5,High
AHA GD9 Gas leakage Detector Safety Device Gas Detector...,1602,3.9,0,1922.3999999999999,320.39999999999986,0,AHA,Sponsored,1,3,Mid-High
Kusam-meco KM 840-H2S Gas Detector,19252,3.9,0,23102.399999999998,3850.399999999998,0,Kusam-meco,Organic,4,5,High
Kusam-meco KM 840-H2S Gas Detector,23200,3.9,0,27840.0,4640.0,0,Kusam-meco,Organic,1,5,High
SmartiQo WiFi Smart Gas Detector Sensor Gas Detector,4404,3.9,0,5284.8,880.8000000000002,0,SmartiQo,Organic,4,2,High
SmartiQo WiFi Smart Gas Detector Sensor Gas Detector,4499,3.9,0,5398.8,899.8000000000002,1,SmartiQo,Organic,3,2,High
SmartiQo WiFi Smart Gas Detector Sensor Gas Detector,4304,3.9,0,5164.8,860.8000000000002,0,SmartiQo,Organic,1,4,High
Digital Craft Halogen Gas Leak Detector for HVAC Refrig...,5099,3.9,0,6118.8,1019.8000000000002,0,Digital,Organic,5,4,High
Digital Craft Halogen Gas Leak Detector for HVAC Refrig...,10999,3.9,0,13198.8,2199.7999999999993,0,Digital,Organic,1,2,High
Digital Craft Halogen Refrigerant Leak Detector with Ba...,5099,3.9,0,6118.8,1019.8000000000002,0,Digital,Organic,4,1,High
Digital Craft Halogen Refrigerant Leak Detector with Ba...,10999,3.9,0,13198.8,2199.7999999999993,1,Digital,Organic,2,1,High
Digital Craft Refrigerant Gas Leak Detector for HCFC & ...,5099,3.9,0,6118.8,1019.8000000000002,0,Digital,Organic,3,3,High
Digital Craft Refrigerant Gas Leak Detector for HCFC & ...,10999,3.9,0,13198.8,2199.7999999999993,0,Digital,Organic,5,4,High
Digital Craft Electronic Halogen Leak Detector for Refr...,5099,3.9,0,6118.8,1019.8000000000002,0,Digital,Organic,1,3,High
Digital Craft Electronic Halogen Leak Detector for Refr...,10999,3.9,0,13198.8,2199.7999999999993,1,Digital,Organic,2,2,High
"Digital Craft HVAC Refrigerant Gas Leak Checker, High S...",5099,3.9,0,6118.8,1019.8000000000002,0,Digital,Organic,2,4,High
"Digital Craft HVAC Refrigerant Gas Leak Checker, High S...",10999,3.9,0,13198.8,2199.7999999999993,0,Digital,Sponsored,2,3,High
"Digital Craft HVAC Gas Leak Detector for Refrigerant, H...",5099,3.9,0,6118.8,1019.8000000000002,0,Digital,Organic,2,3,High
"Digital Craft HVAC Gas Leak Detector for Refrigerant, H...",10999,3.9,0,13198.8,2199.7999999999993,1,Digital,Organic,2,2,High
Digital Craft Professional Refrigerant Gas Leak Detecto...,5099,3.9,0,6118.8,1019.8000000000002,0,Digital,Organic,4,1,High
Digital Craft Professional Refrigerant Gas Leak Detecto...,10999,3.9,0,13198.8,2199.7999999999993,0,Digital,Organic,5,2,High
ZLLJMETER ZL73A Digital Combustible Gas Detector Gas De...,3103,3.9,0,3723.6,620.5999999999999,0,ZLLJMETER,Organic,1,3,High
ZLLJMETER ZL73A Digital Combustible Gas Detector Gas De...,4850,3.9,0,5820.0,970.0,0,ZLLJMETER,Organic,5,5,High
"Sohum gas safety SOHUM Low Pressure Gas Safety Device, ...",1436,3.2,0,1723.2,287.20000000000005,0,Sohum,Organic,5,5,Mid-High
"Sohum gas safety SOHUM Low Pressure Gas Safety Device, ...",4300,3.2,0,5160.0,860.0,0,Sohum,Organic,2,2,High
DebRifo Magnetic Gas Cylinder Tool Gas Detector,264,3.2,0,316.8,52.80000000000001,0,DebRifo,Organic,2,1,Low
DebRifo Magnetic Gas Cylinder Tool Gas Detector,980,3.2,0,1176.0,196.0,0,DebRifo,Sponsored,2,1,Mid-High
AHA Gas Safety Device Gas Detector,947,4.2,0,1136.3999999999999,189.39999999999986,1,AHA,Organic,2,2,Mid-High
AHA Gas Safety Device Gas Detector,4500,4.2,0,5400.0,900.0,0,AHA,Organic,4,4,High
AHA Gas Safety Device Gas Detector,900,4.2,0,1080.0,180.0,0,AHA,Organic,1,5,Mid-Low
AHA Gas Safety Device Gas Detector,1455,3.8,7,1746.0,291.0,0,AHA,Organic,3,5,Mid-High
AHA Gas Safety Device Gas Detector,1428,3.2,2,1713.6,285.5999999999999,0,AHA,Organic,4,1,Mid-High
AHA Gas Safety Device Gas Detector,947,4.1,1,1136.3999999999999,189.39999999999986,0,AHA,Organic,4,5,Mid-High
AHA Gas Safety Device Gas Detector,957,4.1,4,1148.3999999999999,191.39999999999986,0,AHA,Organic,5,2,Mid-High
AHA Gas Safety Device Gas Detector,1519,,0,1822.8,303.79999999999995,0,AHA,Organic,5,3,Mid-High
GASSAFE GAS SAFE TOH SAB SAFE Vertical Device Gas Detec...,998,3.9,0,1197.6,199.5999999999999,0,GASSAFE,Organic,2,3,Mid-High
GASSAFE GAS SAFE TOH SAB SAFE Vertical Device Gas Detec...,4499,3.9,0,5398.8,899.8000000000002,0,GASSAFE,Sponsored,1,1,High
GASSAFE GAS SAFE TOH SAB SAFE Vertical Device Gas Detec...,948,3.9,0,1137.6,189.5999999999999,0,GASSAFE,Organic,2,3,Mid-High
UltinoPro Cylinder Fitting Gas Safety Device Gas Detect...,1865,3.9,0,2238.0,373.0,0,UltinoPro,Organic,5,1,High
UltinoPro Cylinder Fitting Gas Safety Device Gas Detect...,4500,3.9,0,5400.0,900.0,0,UltinoPro,Organic,2,5,High
Real Instruments High Precision Microwave Leakage Detec...,2908,3.9,0,3489.6,581.5999999999999,0,Real,Organic,5,1,High
Real Instruments High Precision Microwave Leakage Detec...,2999,3.9,0,3598.7999999999997,599.7999999999997,1,Real,Organic,5,2,High
Real Instruments High Precision Microwave Leakage Detec...,2808,3.9,0,3369.6,561.5999999999999,0,Real,Organic,3,2,High
OM Gas Safety Device Suitable For Cylinder|minor gas le...,1351,3.3,0,1621.2,270.20000000000005,0,OM,Organic,4,2,Mid-High
OM Gas Safety Device Suitable For Cylinder|minor gas le...,4300,3.3,0,5160.0,860.0,0,OM,Organic,3,1,High
OM Gas Safety Device Suitable For Cylinder|minor gas le...,1283,3.3,0,1539.6,256.5999999999999,0,OM,Organic,3,2,Mid-High
Photoelectric SD355 Gas Detector,2488,3.3,0,2985.6,497.5999999999999,0,Photoelectric,Organic,4,2,High
Photoelectric SD355 Gas Detector,3000,3.3,0,3600.0,600.0,0,Photoelectric,Organic,2,3,High
SMOKEDETECTOR 02 Gas Detector,717,3.3,0,860.4,143.39999999999998,0,SMOKEDETECTOR,Sponsored,4,1,Mid-Low
SMOKEDETECTOR 02 Gas Detector,3198,3.3,0,3837.6,639.5999999999999,1,SMOKEDETECTOR,Sponsored,4,4,High
SMOKEDETECTOR 02 Gas Detector,681,3.3,0,817.1999999999999,136.19999999999993,0,SMOKEDETECTOR,Sponsored,4,5,Mid-Low
SMOKEDETECTOR 05 Gas Detector,1876,3.3,0,2251.2,375.1999999999998,0,SMOKEDETECTOR,Organic,2,3,High
SMOKEDETECTOR 05 Gas Detector,7995,3.3,0,9594.0,1599.0,1,SMOKEDETECTOR,Organic,1,1,High
SMOKEDETECTOR 05 Gas Detector,1782,3.3,0,2138.4,356.4000000000001,0,SMOKEDETECTOR,Organic,4,1,High
ZLLJMETER ZL73A Digital Combustible Gas Detector Gas De...,3103,3.3,0,3723.6,620.5999999999999,0,ZLLJMETER,Organic,1,3,High
ZLLJMETER ZL73A Digital Combustible Gas Detector Gas De...,4850,3.3,0,5820.0,970.0,0,ZLLJMETER,Sponsored,3,3,High
Om gas 121 Gas Detector,1301,4.4,0,1561.2,260.20000000000005,0,Om,Organic,4,1,Mid-High
Om gas 121 Gas Detector,4300,4.4,0,5160.0,860.0,0,Om,Organic,4,4,High
Om gas 121 Gas Detector,1236,4.4,0,1483.2,247.20000000000005,0,Om,Organic,3,1,Mid-High
Kapmore Gas Safe 100% Automatic Gas Safety Device|Gas L...,1543,4.4,0,1851.6,308.5999999999999,0,Kapmore,Organic,2,2,Mid-High
Kapmore Gas Safe 100% Automatic Gas Safety Device|Gas L...,4300,4.4,0,5160.0,860.0,0,Kapmore,Sponsored,3,5,High
Kapmore Gas Safe 100% Automatic Gas Safety Device|Gas L...,1466,4.4,0,1759.2,293.20000000000005,0,Kapmore,Sponsored,2,3,Mid-High
Om gas GD25 Gas leakage Detector Safety Device Gas Dete...,1757,4.4,0,2108.4,351.4000000000001,0,Om,Sponsored,3,2,Mid-High
Om gas GD25 Gas leakage Detector Safety Device Gas Dete...,4300,4.4,0,5160.0,860.0,0,Om,Organic,1,1,High
Om gas GD25 Gas leakage Detector Safety Device Gas Dete...,1669,4.4,0,2002.8,333.79999999999995,0,Om,Organic,5,3,Mid-High
AHA Gas Cylinder Safety Device Auto Cut Off Gas Detecto...,1361,3.1,0,1633.2,272.20000000000005,0,AHA,Organic,3,5,Mid-High
AHA Gas Cylinder Safety Device Auto Cut Off Gas Detecto...,4300,3.1,0,5160.0,860.0,0,AHA,Organic,5,2,High
MxRady HSETIN HT-1805 Four in one multi gas detector (H...,28597,3.1,0,34316.4,5719.4000000000015,0,MxRady,Sponsored,3,4,High
MxRady HSETIN HT-1805 Four in one multi gas detector (H...,32500,3.1,0,39000.0,6500.0,0,MxRady,Organic,5,2,High
Om gas gas cylinder safety device Gas Detector,1533,3.9,0,1839.6,306.5999999999999,0,Om,Organic,4,5,Mid-High
Om gas gas cylinder safety device Gas Detector,4300,3.9,0,5160.0,860.0,0,Om,Sponsored,2,4,High
GAS SAFE AUTO GAS SYSTEMS 1 Gas Detector,1365,3.9,0,1638.0,273.0,0,GAS,Organic,2,3,Mid-High
GAS SAFE AUTO GAS SYSTEMS 1 Gas Detector,4300,3.9,0,5160.0,860.0,0,GAS,Organic,5,1,High
GAS SAFE AUTO GAS SYSTEMS 1 Gas Detector,1297,3.9,0,1556.3999999999999,259.39999999999986,0,GAS,Sponsored,3,5,Mid-High
"Digital Craft Refrigerant Gas Leak Checker for HVAC, Re...",5099,3.9,0,6118.8,1019.8000000000002,0,Digital,Sponsored,4,5,High
"Digital Craft Refrigerant Gas Leak Checker for HVAC, Re...",10999,3.9,0,13198.8,2199.7999999999993,0,Digital,Organic,3,5,High
Digital Craft Professional HVAC Refrigerant Leak Checke...,5099,3.9,0,6118.8,1019.8000000000002,0,Digital,Organic,1,3,High
Digital Craft Professional HVAC Refrigerant Leak Checke...,10999,3.9,0,13198.8,2199.7999999999993,0,Digital,Sponsored,1,1,High
"Almas Gas Safety Device, Gas Safety Regulator, Gas Cyli...",2303,3.9,0,2763.6,460.5999999999999,0,Almas,Organic,3,5,High
"Almas Gas Safety Device, Gas Safety Regulator, Gas Cyli...",3999,3.9,0,4798.8,799.8000000000002,0,Almas,Organic,1,4,High
"Almas Gas Safety Device, Gas Safety Regulator, Gas Cyli...",2203,3.9,0,2643.6,440.5999999999999,0,Almas,Organic,3,5,High
shivastride enterprise Magnetic Gas Cylinder Tank Level...,304,3.9,0,364.8,60.80000000000001,0,shivastride,Organic,3,5,Low
shivastride enterprise Magnetic Gas Cylinder Tank Level...,499,3.9,0,598.8,99.79999999999995,0,shivastride,Organic,5,1,Mid-Low
shivastride enterprise Magnetic Gas Cylinder Tank Level...,287,3.9,0,344.4,57.39999999999998,0,shivastride,Organic,5,5,Low
Diamond Gas Safety Device with Gas Leakage Detector and...,1498,3.9,0,1797.6,299.5999999999999,0,Diamond,Sponsored,1,3,Mid-High
Diamond Gas Safety Device with Gas Leakage Detector and...,4500,3.9,0,5400.0,900.0,0,Diamond,Sponsored,3,4,High
Diamond Gas Safety Device with Gas Leakage Detector and...,1423,3.9,0,1707.6,284.5999999999999,0,Diamond,Organic,4,1,Mid-High
MECCLIEN Photoelectric Smoke Detector Alarm Fire Sensor...,780,3.9,0,936.0,156.0,0,MECCLIEN,Organic,2,3,Mid-Low
MECCLIEN Photoelectric Smoke Detector Alarm Fire Sensor...,4999,3.9,0,5998.8,999.8000000000002,0,MECCLIEN,Organic,5,5,High
Magic Lock MLDChose Gas Detector,642,3.9,0,770.4,128.39999999999998,0,Magic,Sponsored,4,2,Mid-Low
Magic Lock MLDChose Gas Detector,900,3.9,0,1080.0,180.0,0,Magic,Organic,3,3,Mid-Low
Magic Lock MLDChose Gas Detector,610,3.9,0,732.0,122.0,0,Magic,Organic,4,5,Mid-Low
HTY HTC PSD-II Personal Safety Voltage Detector Compact...,873,3.9,0,1047.6,174.5999999999999,0,HTY,Organic,1,1,Mid-Low
HTY HTC PSD-II Personal Safety Voltage Detector Compact...,1650,3.9,0,1980.0,330.0,0,HTY,Organic,4,1,Mid-High
HTY HTC PSD-II Personal Safety Voltage Detector Compact...,829,3.9,0,994.8,165.79999999999995,0,HTY,Organic,3,3,Mid-Low
AHA Gas Cylinder Safety Device [PACK OF ONE]Auto Cut Of...,972,3.2,0,1166.3999999999999,194.39999999999986,0,AHA,Sponsored,5,1,Mid-High
AHA Gas Cylinder Safety Device [PACK OF ONE]Auto Cut Of...,4300,3.2,0,5160.0,860.0,0,AHA,Organic,2,3,High
AHA Gas Cylinder Safety Device [PACK OF ONE]Auto Cut Of...,923,3.2,0,1107.6,184.5999999999999,0,AHA,Organic,2,2,Mid-High
a h a sharma GSD006 Gas Detector,974,3.2,0,1168.8,194.79999999999995,0,a,Sponsored,2,2,Mid-High
a h a sharma GSD006 Gas Detector,3999,3.2,0,4798.8,799.8000000000002,0,a,Organic,4,4,High
LKAY Gas Safety Device-Safe Gas Leakage Detector with A...,982,3.2,0,1178.3999999999999,196.39999999999986,0,LKAY,Organic,5,5,Mid-High
LKAY Gas Safety Device-Safe Gas Leakage Detector with A...,3999,3.2,0,4798.8,799.8000000000002,0,LKAY,Organic,2,1,High
LKAY Gas Safety Device-Safe Gas Leakage Detector with A...,933,3.2,0,1119.6,186.5999999999999,0,LKAY,Organic,5,3,Mid-High
SMOKEDETECTOR 07 Gas Detector,2799,3.2,0,3358.7999999999997,559.7999999999997,0,SMOKEDETECTOR,Sponsored,5,3,High
SMOKEDETECTOR 07 Gas Detector,11193,3.2,0,13431.6,2238.6000000000004,1,SMOKEDETECTOR,Organic,1,4,High
SMOKEDETECTOR 07 Gas Detector,2699,3.2,0,3238.7999999999997,539.7999999999997,0,SMOKEDETECTOR,Organic,5,1,High
Om gas Low Pressure Gas Cylinder Regulator Gas Detector,1545,3.2,0,1854.0,309.0,0,Om,Organic,1,2,Mid-High
Om gas Low Pressure Gas Cylinder Regulator Gas Detector,4300,3.2,0,5160.0,860.0,0,Om,Organic,4,4,High
Om gas Low Pressure Gas Cylinder Regulator Gas Detector,1468,3.2,0,1761.6,293.5999999999999,0,Om,Organic,2,1,Mid-High
Ruchi World gsd Gas Detector,1263,4.2,0,1515.6,252.5999999999999,0,Ruchi,Organic,4,3,Mid-High
Ruchi World gsd Gas Detector,3299,4.2,0,3958.7999999999997,659.7999999999997,0,Ruchi,Organic,2,5,High
Ruchi World gsd Gas Detector,1200,4.2,0,1440.0,240.0,0,Ruchi,Sponsored,3,5,Mid-High
AHA Auto Gas Safety Device Gas Detector Gas Detector,1535,4.2,0,1842.0,307.0,0,AHA,Organic,1,3,Mid-High
AHA Auto Gas Safety Device Gas Detector Gas Detector,4300,4.2,0,5160.0,860.0,0,AHA,Sponsored,1,3,High
AHA Auto Gas Safety Device Gas Detector Gas Detector,1458,4.2,0,1749.6,291.5999999999999,0,AHA,Sponsored,2,3,Mid-High
a h a Safety Gas device Gas Detector,1451,3.6,0,1741.2,290.20000000000005,0,a,Organic,4,2,Mid-High
a h a Safety Gas device Gas Detector,4300,3.6,0,5160.0,860.0,0,a,Sponsored,5,2,High
Shishir WA Sound Alarm Water Leak Detector,285,4.2,0,342.0,57.0,0,Shishir,Organic,4,5,Low
Shishir WA Sound Alarm Water Leak Detector,399,4.2,0,478.79999999999995,79.79999999999995,0,Shishir,Organic,2,3,Mid-Low
amiciSense HVAC Refrigerant Leak Detector for Car AC & ...,5600,4.2,0,6720.0,1120.0,0,amiciSense,Organic,4,1,High
amiciSense HVAC Refrigerant Leak Detector for Car AC & ...,8000,4.2,0,9600.0,1600.0,1,amiciSense,Organic,3,4,High
amiciSense Flammable Gas Leak Detector Pen 50~1000PPM w...,2511,4.2,0,3013.2,502.1999999999998,0,amiciSense,Organic,5,4,High
amiciSense Flammable Gas Leak Detector Pen 50~1000PPM w...,3000,4.2,0,3600.0,600.0,0,amiciSense,Organic,4,4,High
Digital Craft Compact HVAC Refrigerant Leak Detector fo...,5099,4.2,0,6118.8,1019.8000000000002,0,Digital,Organic,2,2,High
Digital Craft Compact HVAC Refrigerant Leak Detector fo...,10999,4.2,0,13198.8,2199.7999999999993,0,Digital,Sponsored,4,2,High
AHA MM6 Gas Detector,1259,4.2,0,1510.8,251.79999999999995,0,AHA,Organic,3,2,Mid-High
AHA MM6 Gas Detector,4100,4.2,0,4920.0,820.0,0,AHA,Organic,2,1,High
AHA MM6 Gas Detector,1196,4.2,0,1435.2,239.20000000000005,1,AHA,Organic,4,4,Mid-High
DAKSH ELECTRONICS CarbonMonoxideGas Leak Detector Fire ...,7277,4.2,0,8732.4,1455.3999999999996,1,DAKSH,Organic,2,2,High
DAKSH ELECTRONICS CarbonMonoxideGas Leak Detector Fire ...,7600,4.2,0,9120.0,1520.0,0,DAKSH,Organic,1,2,High
DAKSH ELECTRONICS CarbonMonoxideGas Leak Detector Fire ...,7177,4.2,0,8612.4,1435.3999999999996,0,DAKSH,Organic,1,4,High
blot fire Smoke Detection Sensor System with Alarm For ...,1748,4.2,0,2097.6,349.5999999999999,0,blot,Organic,4,2,Mid-High
blot fire Smoke Detection Sensor System with Alarm For ...,3499,4.2,0,4198.8,699.8000000000002,0,blot,Organic,2,5,High
blot fire Smoke Detection Sensor System with Alarm For ...,1661,4.2,0,1993.1999999999998,332.1999999999998,0,blot,Organic,3,1,Mid-High
Orlov Smoke Alarm,1499,4.2,0,1798.8,299.79999999999995,1,Orlov,Sponsored,5,1,Mid-High
Orlov Smoke Alarm,2999,4.2,0,3598.7999999999997,599.7999999999997,0,Orlov,Organic,3,3,High
Orlov Smoke Alarm,1424,4.2,0,1708.8,284.79999999999995,0,Orlov,Organic,3,1,Mid-High
Eco Fire SMOKE DETECTOR Smoke Alarm,1259,4.2,0,1510.8,251.79999999999995,0,Eco,Organic,1,4,Mid-High
Eco Fire SMOKE DETECTOR Smoke Alarm,2500,4.2,0,3000.0,500.0,0,Eco,Sponsored,5,2,High
Eco Fire SMOKE DETECTOR Smoke Alarm,1196,4.2,0,1435.2,239.20000000000005,0,Eco,Organic,4,2,Mid-High
Eco Fire SMOKE DETECTOR Smoke Alarm,1455,3.8,7,1746.0,291.0,1,Eco,Sponsored,3,4,Mid-High
Eco Fire SMOKE DETECTOR Smoke Alarm,1428,3.2,2,1713.6,285.5999999999999,0,Eco,Organic,5,2,Mid-High
Eco Fire SMOKE DETECTOR Smoke Alarm,947,4.1,1,1136.3999999999999,189.39999999999986,0,Eco,Sponsored,1,2,Mid-High
Eco Fire SMOKE DETECTOR Smoke Alarm,957,4.1,4,1148.3999999999999,191.39999999999986,0,Eco,Organic,5,5,Mid-High
Eco Fire SMOKE DETECTOR Smoke Alarm,1519,,0,1822.8,303.79999999999995,0,Eco,Organic,1,3,Mid-High
Gas Detectors,1455,3.8,7,1746.0,291.0,0,Gas,Organic,3,1,Mid-High
Gas Detectors,1428,3.2,2,1713.6,285.5999999999999,0,Gas,Organic,4,4,Mid-High
Gas Detectors,947,4.1,1,1136.3999999999999,189.39999999999986,0,Gas,Organic,3,3,Mid-High
Gas Detectors,957,4.1,4,1148.3999999999999,191.39999999999986,0,Gas,Organic,2,1,Mid-High
Gas Detectors,1519,,0,1822.8,303.79999999999995,0,Gas,Organic,1,2,Mid-High
ROCKTECH Smoke Alarm,1399,3.7,0,1678.8,279.79999999999995,0,ROCKTECH,Organic,4,3,Mid-High
ROCKTECH Smoke Alarm,2999,3.7,0,3598.7999999999997,599.7999999999997,0,ROCKTECH,Organic,4,3,High
ROCKTECH Smoke Alarm,1329,3.7,0,1594.8,265.79999999999995,0,ROCKTECH,Organic,2,5,Mid-High
Divinext Non-Contact AC Voltage Tester Alert Pen Volt T...,300,3.7,0,360.0,60.0,0,Divinext,Organic,4,5,Low
Divinext Non-Contact AC Voltage Tester Alert Pen Volt T...,500,3.7,0,600.0,100.0,0,Divinext,Organic,1,1,Mid-Low
Divinext Non-Contact AC Voltage Tester Alert Pen Volt T...,285,3.7,0,342.0,57.0,0,Divinext,Organic,4,4,Low
eletricman JSI Power Detector Alert Sensor Tester LED L...,180,3.7,0,216.0,36.0,0,eletricman,Organic,1,1,Low
eletricman JSI Power Detector Alert Sensor Tester LED L...,499,3.7,0,598.8,99.79999999999995,0,eletricman,Sponsored,5,2,Mid-Low
eletricman JSI Power Detector Alert Sensor Tester LED L...,171,3.7,0,205.2,34.19999999999999,0,eletricman,Organic,3,3,Low
Vikas Non-Contact AC Voltage Tester Alert Pen Volt Test...,250,3.7,0,300.0,50.0,1,Vikas,Organic,2,4,Low
Vikas Non-Contact AC Voltage Tester Alert Pen Volt Test...,500,3.7,0,600.0,100.0,0,Vikas,Organic,3,2,Mid-Low
Vikas Non-Contact AC Voltage Tester Alert Pen Volt Test...,237,3.7,0,284.4,47.39999999999998,0,Vikas,Organic,3,3,Low
jyot creation Analog Voltage Tester,191,3.7,0,229.2,38.19999999999999,0,jyot,Organic,4,3,Low
jyot creation Analog Voltage Tester,599,3.7,0,718.8,119.79999999999995,0,jyot,Organic,1,5,Mid-Low
GoodsBazaar Non-Contact AC Voltage Tester Alert Pen Vol...,250,3.7,0,300.0,50.0,0,GoodsBazaar,Organic,2,4,Low
GoodsBazaar Non-Contact AC Voltage Tester Alert Pen Vol...,500,3.7,0,600.0,100.0,0,GoodsBazaar,Organic,5,5,Mid-Low
GoodsBazaar Non-Contact AC Voltage Tester Alert Pen Vol...,237,3.7,0,284.4,47.39999999999998,0,GoodsBazaar,Organic,5,2,Low
GoodsBazaar Non-Contact AC Voltage Tester Alert Pen Vol...,300,3.7,0,360.0,60.0,0,GoodsBazaar,Organic,1,2,Low
GoodsBazaar Non-Contact AC Voltage Tester Alert Pen Vol...,500,3.7,0,600.0,100.0,0,GoodsBazaar,Organic,5,5,Mid-Low
GoodsBazaar Non-Contact AC Voltage Tester Alert Pen Vol...,285,3.7,0,342.0,57.0,0,GoodsBazaar,Organic,5,1,Low
AWICLA VOLTAGE DETECTOR VOLTAGE DETECTOR Digital Voltag...,230,3.7,0,276.0,46.0,0,AWICLA,Organic,1,1,Low
AWICLA VOLTAGE DETECTOR VOLTAGE DETECTOR Digital Voltag...,799,3.7,0,958.8,159.79999999999995,0,AWICLA,Organic,1,4,Mid-Low
AWICLA VOLTAGE DETECTOR VOLTAGE DETECTOR Digital Voltag...,218,3.7,0,261.59999999999997,43.599999999999966,1,AWICLA,Organic,2,2,Low
Mass Pro With Light & Sound Electric AC Alert Detector ...,363,3.7,0,435.59999999999997,72.59999999999997,0,Mass,Organic,4,4,Mid-Low
Mass Pro With Light & Sound Electric AC Alert Detector ...,799,3.7,0,958.8,159.79999999999995,0,Mass,Organic,4,5,Mid-Low
Divinext M-10 12~1000V AC Non Contact Voltage Tester Al...,599,3.6,0,718.8,119.79999999999995,0,Divinext,Organic,1,2,Mid-Low
Divinext M-10 12~1000V AC Non Contact Voltage Tester Al...,1199,3.6,0,1438.8,239.79999999999995,0,Divinext,Sponsored,5,5,Mid-High
Divinext M-10 12~1000V AC Non Contact Voltage Tester Al...,569,3.6,0,682.8,113.79999999999995,0,Divinext,Organic,3,5,Mid-Low
eletricman Non-Contact AC Voltage Tester Alert Pen Volt...,180,3.6,0,216.0,36.0,0,eletricman,Organic,3,2,Low
eletricman Non-Contact AC Voltage Tester Alert Pen Volt...,499,3.6,0,598.8,99.79999999999995,0,eletricman,Organic,3,5,Mid-Low
eletricman Non-Contact AC Voltage Tester Alert Pen Volt...,171,3.6,0,205.2,34.19999999999999,1,eletricman,Organic,5,5,Low
KAVYATOOLSHOP Non-Contact AC Voltage Tester Alert Pen V...,238,3.8,0,285.59999999999997,47.599999999999966,0,KAVYATOOLSHOP,Organic,3,4,Low
KAVYATOOLSHOP Non-Contact AC Voltage Tester Alert Pen V...,1199,3.8,0,1438.8,239.79999999999995,0,KAVYATOOLSHOP,Organic,3,1,Mid-High
KAVYATOOLSHOP Non-Contact AC Voltage Tester Alert Pen V...,226,3.8,0,271.2,45.19999999999999,0,KAVYATOOLSHOP,Organic,3,4,Low
"D ZOVAG Multi-Function LED Test Pen , Safety Highlight ...",399,3.8,0,478.79999999999995,79.79999999999995,0,D,Organic,4,1,Mid-Low
"D ZOVAG Multi-Function LED Test Pen , Safety Highlight ...",699,3.8,0,838.8,139.79999999999995,1,D,Organic,2,1,Mid-Low
"D ZOVAG Multi-Function LED Test Pen , Safety Highlight ...",379,3.8,0,454.8,75.80000000000001,0,D,Organic,5,5,Mid-Low
ASRAW Touch Less - Non Contact Voltage Alert Voltage Po...,218,3.9,0,261.59999999999997,43.599999999999966,1,ASRAW,Organic,1,3,Low
ASRAW Touch Less - Non Contact Voltage Alert Voltage Po...,699,3.9,0,838.8,139.79999999999995,0,ASRAW,Organic,4,1,Mid-Low
Divinext 2pc 90-1000V AC Electrical Tester Pen Non-Cont...,300,3.9,0,360.0,60.0,0,Divinext,Sponsored,3,1,Low
Divinext 2pc 90-1000V AC Electrical Tester Pen Non-Cont...,700,3.9,0,840.0,140.0,0,Divinext,Organic,5,5,Mid-Low
Divinext 2pc 90-1000V AC Electrical Tester Pen Non-Cont...,285,3.9,0,342.0,57.0,0,Divinext,Organic,1,2,Low
ankitra Non-Contact AC Voltage Tester Alert Pen Volt Te...,180,3.9,0,216.0,36.0,0,ankitra,Sponsored,2,2,Low
ankitra Non-Contact AC Voltage Tester Alert Pen Volt Te...,499,3.9,0,598.8,99.79999999999995,1,ankitra,Organic,3,3,Mid-Low
ankitra Non-Contact AC Voltage Tester Alert Pen Volt Te...,171,3.9,0,205.2,34.19999999999999,0,ankitra,Organic,5,5,Low
GoodsBazaar Non-Contact AC Voltage Tester Alert Pen Vol...,300,3.9,0,360.0,60.0,0,GoodsBazaar,Organic,3,3,Low
GoodsBazaar Non-Contact AC Voltage Tester Alert Pen Vol...,500,3.9,0,600.0,100.0,0,GoodsBazaar,Organic,1,5,Mid-Low
GoodsBazaar Non-Contact AC Voltage Tester Alert Pen Vol...,285,3.9,0,342.0,57.0,0,GoodsBazaar,Organic,1,1,Low
Hillgrove VLT3 Electrical Non Contact Voltage Detector/...,294,4.5,0,352.8,58.80000000000001,0,Hillgrove,Sponsored,3,4,Low
Hillgrove VLT3 Electrical Non Contact Voltage Detector/...,499,4.5,0,598.8,99.79999999999995,0,Hillgrove,Organic,1,4,Mid-Low
Hillgrove VLT3 Electrical Non Contact Voltage Detector/...,279,4.5,0,334.8,55.80000000000001,0,Hillgrove,Organic,5,3,Low
MADHAVX Voltage Tester Pen Detector(Pack of 1) Digital ...,118,4.5,0,141.6,23.599999999999994,0,MADHAVX,Sponsored,3,2,Low
MADHAVX Voltage Tester Pen Detector(Pack of 1) Digital ...,999,4.5,0,1198.8,199.79999999999995,1,MADHAVX,Organic,3,4,Mid-High
MADHAVX Voltage Tester Pen Detector(Pack of 1) Digital ...,112,4.5,0,134.4,22.400000000000006,0,MADHAVX,Organic,5,4,Low
METAPOD Digital Circuit Tester,1820,4.5,0,2184.0,364.0,1,METAPOD,Organic,4,3,High
METAPOD Digital Circuit Tester,2500,4.5,0,3000.0,500.0,0,METAPOD,Organic,3,3,High
METAPOD Digital Circuit Tester,1729,4.5,0,2074.7999999999997,345.7999999999997,0,METAPOD,Sponsored,4,2,Mid-High
GoodsBazaar Non-Contact AC Voltage Tester Alert Pen Vol...,250,4.5,0,300.0,50.0,0,GoodsBazaar,Organic,5,3,Low
GoodsBazaar Non-Contact AC Voltage Tester Alert Pen Vol...,500,4.5,0,600.0,100.0,0,GoodsBazaar,Organic,2,5,Mid-Low
GoodsBazaar Non-Contact AC Voltage Tester Alert Pen Vol...,237,4.5,0,284.4,47.39999999999998,0,GoodsBazaar,Organic,4,1,Low
Gadariya King 3 PCS 90-1000V Non-Contact LCD Electric V...,470,3.3,0,564.0,94.0,0,Gadariya,Organic,5,2,Mid-Low
Gadariya King 3 PCS 90-1000V Non-Contact LCD Electric V...,899,3.3,0,1078.8,179.79999999999995,0,Gadariya,Sponsored,2,2,Mid-Low
GoodsBazaar Non-Contact AC Voltage Tester Alert Pen Vol...,300,3.3,0,360.0,60.0,0,GoodsBazaar,Organic,1,2,Low
GoodsBazaar Non-Contact AC Voltage Tester Alert Pen Vol...,500,3.3,0,600.0,100.0,1,GoodsBazaar,Organic,3,1,Mid-Low
GoodsBazaar Non-Contact AC Voltage Tester Alert Pen Vol...,285,3.3,0,342.0,57.0,1,GoodsBazaar,Organic,2,1,Low
AirSoft Safe Electrical Testing Pen | Circuit Tester wi...,145,3.3,0,174.0,29.0,1,AirSoft,Organic,5,2,Low
AirSoft Safe Electrical Testing Pen | Circuit Tester wi...,469,3.3,0,562.8,93.79999999999995,1,AirSoft,Organic,4,2,Mid-Low
AirSoft Safe Electrical Testing Pen | Circuit Tester wi...,138,3.3,0,165.6,27.599999999999994,0,AirSoft,Organic,4,5,Low
GoodsBazaar Non-Contact AC Voltage Tester Alert Pen Vol...,300,3.3,0,360.0,60.0,0,GoodsBazaar,Organic,3,1,Low
GoodsBazaar Non-Contact AC Voltage Tester Alert Pen Vol...,500,3.3,0,600.0,100.0,0,GoodsBazaar,Sponsored,3,1,Mid-Low
GoodsBazaar Non-Contact AC Voltage Tester Alert Pen Vol...,285,3.3,0,342.0,57.0,0,GoodsBazaar,Organic,2,3,Low
Euclid Portable Waterproof Circuit Voltage Detector Pen...,200,3.3,0,240.0,40.0,1,Euclid,Organic,3,4,Low
Euclid Portable Waterproof Circuit Voltage Detector Pen...,499,3.3,0,598.8,99.79999999999995,0,Euclid,Organic,2,3,Mid-Low
Euclid Portable Waterproof Circuit Voltage Detector Pen...,189,3.3,0,226.79999999999998,37.79999999999998,0,Euclid,Organic,4,1,Low
Ankitraj Non-Contact AC Voltage Tester Alert Pen Volt T...,180,3.3,0,216.0,36.0,0,Ankitraj,Organic,2,3,Low
Ankitraj Non-Contact AC Voltage Tester Alert Pen Volt T...,499,3.3,0,598.8,99.79999999999995,0,Ankitraj,Organic,1,3,Mid-Low
Ankitraj Non-Contact AC Voltage Tester Alert Pen Volt T...,171,3.3,0,205.2,34.19999999999999,0,Ankitraj,Organic,4,3,Low
DIVINZ Non-Contact AC Voltage Tester Alert Pen Volt Tes...,250,3.3,0,300.0,50.0,0,DIVINZ,Sponsored,5,1,Low
DIVINZ Non-Contact AC Voltage Tester Alert Pen Volt Tes...,500,3.3,0,600.0,100.0,0,DIVINZ,Organic,5,2,Mid-Low
DIVINZ Non-Contact AC Voltage Tester Alert Pen Volt Tes...,237,3.3,0,284.4,47.39999999999998,0,DIVINZ,Organic,3,1,Low
GoodsBazaar Non-Contact AC Voltage Tester Alert Pen Vol...,300,3.3,0,360.0,60.0,0,GoodsBazaar,Sponsored,5,3,Low
GoodsBazaar Non-Contact AC Voltage Tester Alert Pen Vol...,500,3.3,0,600.0,100.0,0,GoodsBazaar,Organic,4,5,Mid-Low
GoodsBazaar Non-Contact AC Voltage Tester Alert Pen Vol...,285,3.3,0,342.0,57.0,0,GoodsBazaar,Organic,5,3,Low
BALRAMA V1 High Non Contact Voltage Detector/Tester Pen...,299,3.3,0,358.8,59.80000000000001,1,BALRAMA,Sponsored,5,5,Low
BALRAMA V1 High Non Contact Voltage Detector/Tester Pen...,600,3.3,0,720.0,120.0,0,BALRAMA,Sponsored,2,4,Mid-Low
BALRAMA V1 High Non Contact Voltage Detector/Tester Pen...,284,3.3,0,340.8,56.80000000000001,0,BALRAMA,Organic,3,1,Low
Ankitraj JSI Power Detector Alert Sensor Tester LED Lig...,180,3.3,0,216.0,36.0,1,Ankitraj,Organic,3,2,Low
Ankitraj JSI Power Detector Alert Sensor Tester LED Lig...,499,3.3,0,598.8,99.79999999999995,0,Ankitraj,Sponsored,4,5,Mid-Low
Ankitraj JSI Power Detector Alert Sensor Tester LED Lig...,171,3.3,0,205.2,34.19999999999999,0,Ankitraj,Organic,3,2,Low
"IMOX 2 Pcs Electrical Tester Pen, 70-250V Induction Pow...",226,3.3,0,271.2,45.19999999999999,0,IMOX,Organic,2,5,Low
"IMOX 2 Pcs Electrical Tester Pen, 70-250V Induction Pow...",599,3.3,0,718.8,119.79999999999995,0,IMOX,Organic,2,1,Mid-Low
Mass Pro Arrival With Buzzer + Led Flash Light VoltAler...,768,3.7,0,921.5999999999999,153.5999999999999,0,Mass,Organic,4,4,Mid-Low
Mass Pro Arrival With Buzzer + Led Flash Light VoltAler...,1499,3.7,0,1798.8,299.79999999999995,0,Mass,Sponsored,4,2,Mid-High
everypow Non-Contact AC Voltage Tester Alert Pen Volt T...,180,3.7,0,216.0,36.0,0,everypow,Sponsored,1,5,Low
everypow Non-Contact AC Voltage Tester Alert Pen Volt T...,499,3.7,0,598.8,99.79999999999995,0,everypow,Organic,1,3,Mid-Low
everypow Non-Contact AC Voltage Tester Alert Pen Volt T...,171,3.7,0,205.2,34.19999999999999,0,everypow,Organic,3,1,Low
Xydrozen Voltage Tester Detector Analog Voltage Tester,242,3.7,0,290.4,48.39999999999998,0,Xydrozen,Organic,2,5,Low
Xydrozen Voltage Tester Detector Analog Voltage Tester,599,3.7,0,718.8,119.79999999999995,0,Xydrozen,Organic,4,1,Mid-Low
Xydrozen Voltage Tester Detector Analog Voltage Tester,229,3.7,0,274.8,45.80000000000001,0,Xydrozen,Organic,3,1,Low
GoodsBazaar Non-Contact AC Voltage Tester Alert Pen Vol...,250,3.7,0,300.0,50.0,0,GoodsBazaar,Organic,3,4,Low
GoodsBazaar Non-Contact AC Voltage Tester Alert Pen Vol...,500,3.7,0,600.0,100.0,1,GoodsBazaar,Sponsored,4,4,Mid-Low
zexson Non-Contact AC Voltage Tester Alert Pen Volt Tes...,226,4.2,0,271.2,45.19999999999999,0,zexson,Organic,4,4,Low
zexson Non-Contact AC Voltage Tester Alert Pen Volt Tes...,499,4.2,0,598.8,99.79999999999995,0,zexson,Organic,4,3,Mid-Low
zexson Non-Contact AC Voltage Tester Alert Pen Volt Tes...,215,4.2,0,258.0,43.0,0,zexson,Organic,4,5,Low
AirSoft Wire Break Detector | Electrical Tool for Home ...,165,4.2,0,198.0,33.0,1,AirSoft,Sponsored,4,4,Low
AirSoft Wire Break Detector | Electrical Tool for Home ...,489,4.2,0,586.8,97.79999999999995,0,AirSoft,Organic,5,3,Mid-Low
AirSoft Wire Break Detector | Electrical Tool for Home ...,157,4.2,0,188.4,31.400000000000006,1,AirSoft,Organic,1,4,Low
NITYA PM8909 Digital Voltage Tester,616,4.2,0,739.1999999999999,123.19999999999993,0,NITYA,Organic,2,5,Mid-Low
NITYA PM8909 Digital Voltage Tester,1299,4.2,0,1558.8,259.79999999999995,0,NITYA,Organic,3,5,Mid-High
NITYA PM8909 Digital Voltage Tester,585,4.2,0,702.0,117.0,0,NITYA,Organic,3,4,Mid-Low
BLAPOXE Non-Contact AC Voltage Tester Alert Pen Volt Te...,230,4.2,0,276.0,46.0,0,BLAPOXE,Organic,3,3,Low
BLAPOXE Non-Contact AC Voltage Tester Alert Pen Volt Te...,599,4.2,0,718.8,119.79999999999995,0,BLAPOXE,Organic,5,1,Mid-Low
BLAPOXE Non-Contact AC Voltage Tester Alert Pen Volt Te...,1455,3.8,7,1746.0,291.0,0,BLAPOXE,Organic,4,1,Mid-High
BLAPOXE Non-Contact AC Voltage Tester Alert Pen Volt Te...,1428,3.2,2,1713.6,285.5999999999999,0,BLAPOXE,Organic,2,5,Mid-High
BLAPOXE Non-Contact AC Voltage Tester Alert Pen Volt Te...,947,4.1,1,1136.3999999999999,189.39999999999986,0,BLAPOXE,Organic,2,2,Mid-High
BLAPOXE Non-Contact AC Voltage Tester Alert Pen Volt Te...,957,4.1,4,1148.3999999999999,191.39999999999986,0,BLAPOXE,Organic,5,3,Mid-High
BLAPOXE Non-Contact AC Voltage Tester Alert Pen Volt Te...,1519,,0,1822.8,303.79999999999995,0,BLAPOXE,Organic,3,5,Mid-High
Nyouri Non-Contact AC Voltage Tester Alert Pen Volt Tes...,180,3.6,0,216.0,36.0,0,Nyouri,Organic,1,5,Low
Nyouri Non-Contact AC Voltage Tester Alert Pen Volt Tes...,499,3.6,0,598.8,99.79999999999995,0,Nyouri,Organic,5,5,Mid-Low
Nyouri Non-Contact AC Voltage Tester Alert Pen Volt Tes...,171,3.6,0,205.2,34.19999999999999,0,Nyouri,Sponsored,3,3,Low
Byoung Non-Contact AC Voltage Tester Alert Pen Volt Tes...,180,3.6,0,216.0,36.0,0,Byoung,Organic,3,2,Low
Byoung Non-Contact AC Voltage Tester Alert Pen Volt Tes...,499,3.6,0,598.8,99.79999999999995,0,Byoung,Sponsored,1,4,Mid-Low
Byoung Non-Contact AC Voltage Tester Alert Pen Volt Tes...,171,3.6,0,205.2,34.19999999999999,0,Byoung,Organic,3,1,Low
uptodateprouducts Voltage Tester Pen Adjustable Sensiti...,1401,4.3,0,1681.2,280.20000000000005,0,uptodateprouducts,Organic,3,5,Mid-High
uptodateprouducts Voltage Tester Pen Adjustable Sensiti...,2899,4.3,0,3478.7999999999997,579.7999999999997,0,uptodateprouducts,Organic,4,4,High
everypo Non-Contact AC Voltage Tester Alert Pen Volt Te...,180,4.3,0,216.0,36.0,0,everypo,Organic,3,1,Low
everypo Non-Contact AC Voltage Tester Alert Pen Volt Te...,499,4.3,0,598.8,99.79999999999995,1,everypo,Organic,1,2,Mid-Low
everypo Non-Contact AC Voltage Tester Alert Pen Volt Te...,171,4.3,0,205.2,34.19999999999999,0,everypo,Organic,1,3,Low
GoodsBazaar Non-Contact AC Voltage Tester Alert Pen Vol...,300,4.3,0,360.0,60.0,0,GoodsBazaar,Organic,2,4,Low
GoodsBazaar Non-Contact AC Voltage Tester Alert Pen Vol...,500,4.3,0,600.0,100.0,0,GoodsBazaar,Organic,3,5,Mid-Low
GoodsBazaar Non-Contact AC Voltage Tester Alert Pen Vol...,285,4.3,0,342.0,57.0,0,GoodsBazaar,Sponsored,3,3,Low
WunderVoX Durable Anti-rust oem Alarm aluminum alloy pa...,355,4.3,0,426.0,71.0,0,WunderVoX,Organic,1,2,Mid-Low
WunderVoX Durable Anti-rust oem Alarm aluminum alloy pa...,1499,4.3,0,1798.8,299.79999999999995,0,WunderVoX,Sponsored,1,3,Mid-High
Byoung Non-Contact AC Voltage Tester Alert Pen Volt Tes...,180,4.3,0,216.0,36.0,0,Byoung,Sponsored,4,1,Low
Byoung Non-Contact AC Voltage Tester Alert Pen Volt Tes...,499,4.3,0,598.8,99.79999999999995,0,Byoung,Sponsored,4,3,Mid-Low
Byoung Non-Contact AC Voltage Tester Alert Pen Volt Tes...,171,4.3,0,205.2,34.19999999999999,0,Byoung,Organic,3,1,Low
GoodsBazaar Digital Coating Thickness Gauge Automobile ...,2599,4.3,0,3118.7999999999997,519.7999999999997,0,GoodsBazaar,Organic,5,1,High
GoodsBazaar Digital Coating Thickness Gauge Automobile ...,8000,4.3,0,9600.0,1600.0,0,GoodsBazaar,Organic,4,5,High
GoodsBazaar Digital Coating Thickness Gauge Automobile ...,2499,4.3,0,2998.7999999999997,499.7999999999997,0,GoodsBazaar,Organic,1,1,High
Dhuli Non-Contact AC Voltage Tester Alert Pen Volt Test...,250,3.5,0,300.0,50.0,1,Dhuli,Organic,1,1,Low
Dhuli Non-Contact AC Voltage Tester Alert Pen Volt Test...,500,3.5,0,600.0,100.0,0,Dhuli,Organic,2,1,Mid-Low
Dhuli Non-Contact AC Voltage Tester Alert Pen Volt Test...,237,3.5,0,284.4,47.39999999999998,1,Dhuli,Organic,5,3,Low
GoodsBazaar Voltage Alert Pen Non-Contact Electric Powe...,599,3.5,0,718.8,119.79999999999995,0,GoodsBazaar,Organic,5,5,Mid-Low
GoodsBazaar Voltage Alert Pen Non-Contact Electric Powe...,1000,3.5,0,1200.0,200.0,0,GoodsBazaar,Organic,3,2,Mid-High
GoodsBazaar Voltage Alert Pen Non-Contact Electric Powe...,569,3.5,0,682.8,113.79999999999995,0,GoodsBazaar,Organic,3,5,Mid-Low
Inditrust new 1pc Touch Less Voltage Detector Tester Pe...,218,4.1,0,261.59999999999997,43.599999999999966,1,Inditrust,Organic,2,5,Low
Inditrust new 1pc Touch Less Voltage Detector Tester Pe...,499,4.1,0,598.8,99.79999999999995,1,Inditrust,Sponsored,2,3,Mid-Low
Inditrust new 1pc Touch Less Voltage Detector Tester Pe...,207,4.1,0,248.39999999999998,41.39999999999998,0,Inditrust,Organic,3,2,Low
Inditrust new AC 90~1000V 1pc Touch Less Voltage Detect...,208,4.1,0,249.6,41.599999999999994,1,Inditrust,Sponsored,2,3,Low
Inditrust new AC 90~1000V 1pc Touch Less Voltage Detect...,499,4.1,0,598.8,99.79999999999995,0,Inditrust,Sponsored,2,2,Mid-Low
Inditrust new AC 90~1000V 1pc Touch Less Voltage Detect...,198,4.1,0,237.6,39.599999999999994,0,Inditrust,Organic,1,3,Low
thermomate Non-Contact AC Voltage Tester Alert Pen Volt...,248,4.1,0,297.59999999999997,49.599999999999966,0,thermomate,Sponsored,5,4,Low
thermomate Non-Contact AC Voltage Tester Alert Pen Volt...,399,4.1,0,478.79999999999995,79.79999999999995,0,thermomate,Organic,3,3,Mid-Low
thermomate Non-Contact AC Voltage Tester Alert Pen Volt...,236,4.1,0,283.2,47.19999999999999,0,thermomate,Organic,1,2,Low
"HTY HTC AC-VI Non-Contact Voltage Tester, 12-1000V AC V...",799,3.5,0,958.8,159.79999999999995,0,HTY,Organic,5,2,Mid-Low
"HTY HTC AC-VI Non-Contact Voltage Tester, 12-1000V AC V...",1980,3.5,0,2376.0,396.0,0,HTY,Organic,3,4,High
Obdking 12V-1000V Pen style Voltage Detector Digital Vo...,705,3.5,0,846.0,141.0,0,Obdking,Sponsored,3,5,Mid-Low
Obdking 12V-1000V Pen style Voltage Detector Digital Vo...,1599,3.5,0,1918.8,319.79999999999995,0,Obdking,Sponsored,3,2,Mid-High
Obdking 12V-1000V Pen style Voltage Detector Digital Vo...,670,3.5,0,804.0,134.0,0,Obdking,Sponsored,2,2,Mid-Low
Euclid 24-250V Induction Power Detector Pen-2pc Analog ...,217,3.5,0,260.4,43.39999999999998,0,Euclid,Organic,3,3,Low
Euclid 24-250V Induction Power Detector Pen-2pc Analog ...,699,3.5,0,838.8,139.79999999999995,0,Euclid,Organic,1,1,Mid-Low
Euclid 24-250V Induction Power Detector Pen-2pc Analog ...,205,3.5,0,246.0,41.0,0,Euclid,Organic,3,5,Low
GoodsBazaar Non-Contact AC Voltage Tester Alert Pen Vol...,300,3.5,0,360.0,60.0,1,GoodsBazaar,Organic,5,4,Low
GoodsBazaar Non-Contact AC Voltage Tester Alert Pen Vol...,499,3.5,0,598.8,99.79999999999995,0,GoodsBazaar,Organic,2,2,Mid-Low
GoodsBazaar Non-Contact AC Voltage Tester Alert Pen Vol...,285,3.5,0,342.0,57.0,1,GoodsBazaar,Organic,4,2,Low
GoodsBazaar LINE LEVEL Dual Range 12V-1000V/48V-1000V N...,699,3.5,0,838.8,139.79999999999995,0,GoodsBazaar,Organic,1,2,Mid-Low
GoodsBazaar LINE LEVEL Dual Range 12V-1000V/48V-1000V N...,1199,3.5,0,1438.8,239.79999999999995,1,GoodsBazaar,Organic,1,1,Mid-High
GoodsBazaar LINE LEVEL Dual Range 12V-1000V/48V-1000V N...,664,3.5,0,796.8,132.79999999999995,0,GoodsBazaar,Organic,1,1,Mid-Low
AirSoft Circuit Tester with Light | Digital Voltage Pen...,145,4.2,0,174.0,29.0,0,AirSoft,Organic,1,3,Low
AirSoft Circuit Tester with Light | Digital Voltage Pen...,409,4.2,0,490.79999999999995,81.79999999999995,0,AirSoft,Organic,1,5,Mid-Low
AirSoft Circuit Tester with Light | Digital Voltage Pen...,138,4.2,0,165.6,27.599999999999994,0,AirSoft,Organic,3,2,Low
KARSYN Non-Contact AC Voltage Tester Alert Pen Volt Tes...,183,4.1,0,219.6,36.599999999999994,0,KARSYN,Organic,1,4,Low
KARSYN Non-Contact AC Voltage Tester Alert Pen Volt Tes...,499,4.1,0,598.8,99.79999999999995,0,KARSYN,Organic,4,5,Mid-Low
DAKSH ELECTRONICS AMPLIFIRE 45W Fire Alarm,9626,4.1,0,11551.199999999999,1925.199999999999,0,DAKSH,Organic,4,5,High
DAKSH ELECTRONICS AMPLIFIRE 45W Fire Alarm,9971,4.1,0,11965.199999999999,1994.199999999999,0,DAKSH,Organic,3,1,High
DAKSH ELECTRONICS AMPLIFIRE 45W Fire Alarm,9526,4.1,0,11431.199999999999,1905.199999999999,0,DAKSH,Sponsored,2,2,High
GoodsBazaar AC Voltage Tester Volt Test Pen Detector Se...,300,4.1,0,360.0,60.0,0,GoodsBazaar,Organic,2,4,Low
GoodsBazaar AC Voltage Tester Volt Test Pen Detector Se...,499,4.1,0,598.8,99.79999999999995,0,GoodsBazaar,Organic,1,1,Mid-Low
GoodsBazaar AC Voltage Tester Volt Test Pen Detector Se...,285,4.1,0,342.0,57.0,0,GoodsBazaar,Organic,4,3,Low
everypo Non-Contact AC Voltage Tester Alert Pen Volt Te...,180,4.1,0,216.0,36.0,0,everypo,Organic,4,3,Low
everypo Non-Contact AC Voltage Tester Alert Pen Volt Te...,499,4.1,0,598.8,99.79999999999995,0,everypo,Organic,3,5,Mid-Low
everypo Non-Contact AC Voltage Tester Alert Pen Volt Te...,171,4.1,0,205.2,34.19999999999999,0,everypo,Organic,2,3,Low
HTY HTC AC-IV Non-Contact AC Voltage Detector Tester Pe...,694,4.1,0,832.8,138.79999999999995,0,HTY,Organic,3,4,Mid-Low
HTY HTC AC-IV Non-Contact AC Voltage Detector Tester Pe...,1500,4.1,0,1800.0,300.0,0,HTY,Sponsored,3,2,Mid-High
HTY HTC AC-IV Non-Contact AC Voltage Detector Tester Pe...,659,4.1,0,790.8,131.79999999999995,0,HTY,Organic,3,1,Mid-Low
"ASTOUND Stainless Steel, Zinc Alloy Metallic Smart Lock",890,4.1,0,1068.0,178.0,0,ASTOUND,Organic,3,1,Mid-Low
"ASTOUND Stainless Steel, Zinc Alloy Metallic Smart Lock",1999,4.1,0,2398.7999999999997,399.7999999999997,0,ASTOUND,Organic,1,3,High
"ASTOUND Stainless Steel, Zinc Alloy Metallic Smart Lock",845,4.1,0,1014.0,169.0,0,ASTOUND,Organic,3,2,Mid-Low
NITYA Tester Electrical LCD Display Voltage Detector Te...,448,4.1,0,537.6,89.60000000000002,0,NITYA,Organic,2,3,Mid-Low
NITYA Tester Electrical LCD Display Voltage Detector Te...,999,4.1,0,1198.8,199.79999999999995,1,NITYA,Sponsored,4,3,Mid-High
NITYA Tester Electrical LCD Display Voltage Detector Te...,426,4.1,0,511.2,85.19999999999999,0,NITYA,Sponsored,5,3,Mid-Low
Stuti Non-Contact AC Voltage Tester Alert Pen Volt Test...,198,2.3,0,237.6,39.599999999999994,0,Stuti,Sponsored,4,2,Low
Stuti Non-Contact AC Voltage Tester Alert Pen Volt Test...,699,2.3,0,838.8,139.79999999999995,0,Stuti,Sponsored,1,4,Mid-Low
Stuti Non-Contact AC Voltage Tester Alert Pen Volt Test...,188,2.3,0,225.6,37.599999999999994,0,Stuti,Organic,5,1,Low
uptodateprouducts Non-Contact AC Voltage Tester Alert P...,250,2.3,0,300.0,50.0,0,uptodateprouducts,Sponsored,2,3,Low
uptodateprouducts Non-Contact AC Voltage Tester Alert P...,500,2.3,0,600.0,100.0,0,uptodateprouducts,Sponsored,4,5,Mid-Low
uptodateprouducts Non-Contact AC Voltage Tester Alert P...,237,2.3,0,284.4,47.39999999999998,1,uptodateprouducts,Sponsored,4,5,Low
BALRAMA M-10 12~1000V AC Non Contact Voltage Tester Ale...,498,3.9,0,597.6,99.60000000000002,1,BALRAMA,Organic,4,2,Mid-Low
BALRAMA M-10 12~1000V AC Non Contact Voltage Tester Ale...,1200,3.9,0,1440.0,240.0,0,BALRAMA,Organic,1,4,Mid-High
BALRAMA M-10 12~1000V AC Non Contact Voltage Tester Ale...,473,3.9,0,567.6,94.60000000000002,0,BALRAMA,Organic,2,4,Mid-Low
GoodsBazaar Non-Contact AC Voltage Tester Alert Pen Vol...,300,3.9,0,360.0,60.0,0,GoodsBazaar,Organic,1,3,Low
GoodsBazaar Non-Contact AC Voltage Tester Alert Pen Vol...,500,3.9,0,600.0,100.0,1,GoodsBazaar,Organic,5,2,Mid-Low
GoodsBazaar Non-Contact AC Voltage Tester Alert Pen Vol...,285,3.9,0,342.0,57.0,0,GoodsBazaar,Organic,5,4,Low
eletricman Digital Voltage Tester,180,3.9,0,216.0,36.0,1,eletricman,Organic,2,3,Low
eletricman Digital Voltage Tester,499,3.9,0,598.8,99.79999999999995,0,eletricman,Organic,2,5,Mid-Low
eletricman Digital Voltage Tester,171,3.9,0,205.2,34.19999999999999,0,eletricman,Organic,2,4,Low
AS TOOL CENTER AC90-1000v Current Tester LED Voltage De...,250,3.9,0,300.0,50.0,0,AS,Organic,3,5,Low
AS TOOL CENTER AC90-1000v Current Tester LED Voltage De...,999,3.9,0,1198.8,199.79999999999995,0,AS,Sponsored,2,3,Mid-High
tool trust Non-Contact AC Voltage Tester Alert Pen Volt...,196,3.7,0,235.2,39.19999999999999,1,tool,Organic,2,2,Low
tool trust Non-Contact AC Voltage Tester Alert Pen Volt...,999,3.7,0,1198.8,199.79999999999995,0,tool,Sponsored,2,5,Mid-High
tool trust Non-Contact AC Voltage Tester Alert Pen Volt...,186,3.7,0,223.2,37.19999999999999,1,tool,Sponsored,1,4,Low
"DHANVI ENTERPRISE Electrical Tester Pen, Voltage Detect...",107,3.7,0,128.4,21.400000000000006,1,DHANVI,Organic,3,2,Low
"DHANVI ENTERPRISE Electrical Tester Pen, Voltage Detect...",699,3.7,0,838.8,139.79999999999995,0,DHANVI,Organic,2,3,Mid-Low
"DHANVI ENTERPRISE Electrical Tester Pen, Voltage Detect...",102,3.7,0,122.39999999999999,20.39999999999999,0,DHANVI,Sponsored,2,1,Low
DARIT Smoke and Fire Alarm,12600,3.7,0,15120.0,2520.0,0,DARIT,Sponsored,1,2,High
DARIT Smoke and Fire Alarm,23988,3.7,0,28785.6,4797.5999999999985,0,DARIT,Organic,5,4,High
DARIT Smoke and Fire Alarm,12500,3.7,0,15000.0,2500.0,0,DARIT,Organic,5,5,High
ATOZTOOLS DC 6V 12V 24V Copper Test Pen Detector Probe ...,250,3.7,0,300.0,50.0,0,ATOZTOOLS,Organic,3,5,Low
ATOZTOOLS DC 6V 12V 24V Copper Test Pen Detector Probe ...,997,3.7,0,1196.3999999999999,199.39999999999986,0,ATOZTOOLS,Sponsored,3,1,Mid-High
AirSoft High Brightness Induction Voltage Tester Pen | ...,220,4.2,0,264.0,44.0,0,AirSoft,Organic,4,2,Low
AirSoft High Brightness Induction Voltage Tester Pen | ...,589,4.2,0,706.8,117.79999999999995,0,AirSoft,Organic,4,3,Mid-Low
AirSoft High Brightness Induction Voltage Tester Pen | ...,209,4.2,0,250.79999999999998,41.79999999999998,0,AirSoft,Organic,1,5,Low
Xydrozen Double Lamp Electric Pen Intelligent Tester Pe...,254,4.2,0,304.8,50.80000000000001,0,Xydrozen,Organic,4,2,Low
Xydrozen Double Lamp Electric Pen Intelligent Tester Pe...,1099,4.2,0,1318.8,219.79999999999995,0,Xydrozen,Organic,3,1,Mid-High
"GoodsBazaar Voltage Tester, Non Contact Voltage Detecto...",599,4.2,0,718.8,119.79999999999995,0,GoodsBazaar,Organic,4,5,Mid-Low
"GoodsBazaar Voltage Tester, Non Contact Voltage Detecto...",1299,4.2,0,1558.8,259.79999999999995,1,GoodsBazaar,Sponsored,1,1,Mid-High
"GoodsBazaar Voltage Tester, Non Contact Voltage Detecto...",569,4.2,0,682.8,113.79999999999995,1,GoodsBazaar,Organic,4,1,Mid-Low
AMICIKART Touchless Voltage Detector Tester Pen AC 90~1...,289,4.2,0,346.8,57.80000000000001,0,AMICIKART,Organic,2,3,Low
AMICIKART Touchless Voltage Detector Tester Pen AC 90~1...,470,4.2,0,564.0,94.0,0,AMICIKART,Organic,5,3,Mid-Low
AMICIKART Touchless Voltage Detector Tester Pen AC 90~1...,1455,3.8,7,1746.0,291.0,1,AMICIKART,Organic,5,1,Mid-High
AMICIKART Touchless Voltage Detector Tester Pen AC 90~1...,1428,3.2,2,1713.6,285.5999999999999,0,AMICIKART,Organic,1,4,Mid-High
AMICIKART Touchless Voltage Detector Tester Pen AC 90~1...,947,4.1,1,1136.3999999999999,189.39999999999986,0,AMICIKART,Organic,1,1,Mid-High
AMICIKART Touchless Voltage Detector Tester Pen AC 90~1...,957,4.1,4,1148.3999999999999,191.39999999999986,0,AMICIKART,Sponsored,4,5,Mid-High
AMICIKART Touchless Voltage Detector Tester Pen AC 90~1...,1519,,0,1822.8,303.79999999999995,0,AMICIKART,Organic,4,5,Mid-High
Zwarte TP_3 Voltage Tester Pen Detector(Pack of 1) Digi...,189,4.3,0,226.79999999999998,37.79999999999998,0,Zwarte,Organic,1,5,Low
Zwarte TP_3 Voltage Tester Pen Detector(Pack of 1) Digi...,499,4.3,0,598.8,99.79999999999995,0,Zwarte,Organic,2,3,Mid-Low
Zwarte TP_3 Voltage Tester Pen Detector(Pack of 1) Digi...,180,4.3,0,216.0,36.0,0,Zwarte,Sponsored,5,5,Low
Ankitraj Digital Voltage Tester,144,4.3,0,172.79999999999998,28.799999999999983,0,Ankitraj,Sponsored,3,5,Low
Ankitraj Digital Voltage Tester,499,4.3,0,598.8,99.79999999999995,0,Ankitraj,Organic,2,5,Mid-Low
Ankitraj Digital Voltage Tester,137,4.3,0,164.4,27.400000000000006,0,Ankitraj,Organic,2,5,Low
eDUST Zinc Alloy Matte Smart Lock,348,4.3,0,417.59999999999997,69.59999999999997,0,eDUST,Organic,2,1,Mid-Low
eDUST Zinc Alloy Matte Smart Lock,1999,4.3,0,2398.7999999999997,399.7999999999997,0,eDUST,Organic,3,1,High
eDUST Zinc Alloy Matte Smart Lock,331,4.3,0,397.2,66.19999999999999,0,eDUST,Organic,1,5,Mid-Low
Hillgrove VLT4 Electrical Line Tester + Non Contact Vol...,323,4.1,0,387.59999999999997,64.59999999999997,0,Hillgrove,Organic,3,4,Mid-Low
Hillgrove VLT4 Electrical Line Tester + Non Contact Vol...,699,4.1,0,838.8,139.79999999999995,0,Hillgrove,Sponsored,3,3,Mid-Low
Hillgrove VLT4 Electrical Line Tester + Non Contact Vol...,307,4.1,0,368.4,61.39999999999998,1,Hillgrove,Organic,3,4,Low
GAURINANDAN 1pc Electric Tester Pen for Electric curren...,116,4.1,0,139.2,23.19999999999999,0,GAURINANDAN,Sponsored,1,1,Low
GAURINANDAN 1pc Electric Tester Pen for Electric curren...,399,4.1,0,478.79999999999995,79.79999999999995,0,GAURINANDAN,Organic,5,3,Mid-Low
NGWELD Mig Welding Torch 40kd Conical Nozzle (5 Pic Set...,1549,4.1,0,1858.8,309.79999999999995,0,NGWELD,Organic,3,2,Mid-High
NGWELD Mig Welding Torch 40kd Conical Nozzle (5 Pic Set...,1800,4.1,0,2160.0,360.0,0,NGWELD,Organic,3,4,High
NGWELD Mig Welding Torch 40kd Conical Nozzle (5 Pic Set...,1472,4.1,0,1766.3999999999999,294.39999999999986,0,NGWELD,Organic,4,2,Mid-High
Divinext AC 24-250V Contact Electrical Detector Slotted...,150,4.1,0,180.0,30.0,0,Divinext,Organic,5,3,Low
Divinext AC 24-250V Contact Electrical Detector Slotted...,399,4.1,0,478.79999999999995,79.79999999999995,0,Divinext,Sponsored,3,5,Mid-Low
Divinext AC 24-250V Contact Electrical Detector Slotted...,142,4.1,0,170.4,28.400000000000006,0,Divinext,Organic,1,3,Low
"TRK HUB Electrical Tester Pen, Voltage Detector Pen wit...",113,3.7,0,135.6,22.599999999999994,0,TRK,Organic,3,3,Low
"TRK HUB Electrical Tester Pen, Voltage Detector Pen wit...",599,3.7,0,718.8,119.79999999999995,1,TRK,Organic,4,5,Mid-Low
"TRK HUB Electrical Tester Pen, Voltage Detector Pen wit...",107,3.7,0,128.4,21.400000000000006,0,TRK,Organic,1,5,Low
eletricman 001 Digital Voltage Tester,180,3.7,0,216.0,36.0,0,eletricman,Organic,2,2,Low
eletricman 001 Digital Voltage Tester,499,3.7,0,598.8,99.79999999999995,0,eletricman,Organic,3,2,Mid-Low
eletricman 001 Digital Voltage Tester,171,3.7,0,205.2,34.19999999999999,0,eletricman,Sponsored,3,3,Low
virdi NX Voltage Tester - Non-Contact 90-1000V AC Volta...,250,3.7,0,300.0,50.0,0,virdi,Organic,3,3,Low
virdi NX Voltage Tester - Non-Contact 90-1000V AC Volta...,1000,3.7,0,1200.0,200.0,0,virdi,Organic,4,5,Mid-High
virdi NX Voltage Tester - Non-Contact 90-1000V AC Volta...,237,3.7,0,284.4,47.39999999999998,0,virdi,Sponsored,2,2,Low
Gadariya King Continuity Tester with Voltage Tester bat...,450,3.6,0,540.0,90.0,1,Gadariya,Organic,5,4,Mid-Low
Gadariya King Continuity Tester with Voltage Tester bat...,1099,3.6,0,1318.8,219.79999999999995,0,Gadariya,Organic,1,2,Mid-High
MME MME AC 220V Fire Alarm Buzzer Industrial Electronic...,2827,4.2,0,3392.4,565.4000000000001,0,MME,Organic,1,5,High
MME MME AC 220V Fire Alarm Buzzer Industrial Electronic...,4599,4.2,0,5518.8,919.8000000000002,0,MME,Organic,5,4,High
DARIT Smoke and Fire Alarm,3390,4.2,0,4068.0,678.0,0,DARIT,Organic,2,2,High
DARIT Smoke and Fire Alarm,5997,4.2,0,7196.4,1199.3999999999996,1,DARIT,Sponsored,2,1,High
DARIT Smoke and Fire Alarm,3290,4.2,0,3948.0,658.0,0,DARIT,Organic,3,2,High
Ankitraj 001 Digital Voltage Tester,180,4.2,0,216.0,36.0,0,Ankitraj,Sponsored,2,2,Low
Ankitraj 001 Digital Voltage Tester,499,4.2,0,598.8,99.79999999999995,0,Ankitraj,Organic,1,5,Mid-Low
Ankitraj 001 Digital Voltage Tester,171,4.2,0,205.2,34.19999999999999,0,Ankitraj,Organic,2,5,Low
zvonko Voltage Tester 90~1000V AC Electric Voltage Powe...,147,4.2,0,176.4,29.400000000000006,0,zvonko,Organic,2,5,Low
zvonko Voltage Tester 90~1000V AC Electric Voltage Powe...,665,4.2,0,798.0,133.0,0,zvonko,Organic,1,3,Mid-Low
zvonko Voltage Tester 90~1000V AC Electric Voltage Powe...,140,4.2,0,168.0,28.0,0,zvonko,Organic,3,3,Low
NHOUSE Electric Wire Breakpoint Tester Analog Voltage T...,248,4.2,0,297.59999999999997,49.599999999999966,0,NHOUSE,Sponsored,4,5,Low
NHOUSE Electric Wire Breakpoint Tester Analog Voltage T...,599,4.2,0,718.8,119.79999999999995,0,NHOUSE,Organic,5,2,Mid-Low
NHOUSE Electric Wire Breakpoint Tester Analog Voltage T...,236,4.2,0,283.2,47.19999999999999,0,NHOUSE,Organic,4,4,Low
GoodsBazaar VFL 30KM Visual Fault Locator 30mw VFL Opti...,1998,4.2,0,2397.6,399.5999999999999,1,GoodsBazaar,Organic,4,2,High
GoodsBazaar VFL 30KM Visual Fault Locator 30mw VFL Opti...,3000,4.2,0,3600.0,600.0,0,GoodsBazaar,Organic,2,3,High
GoodsBazaar VFL 30KM Visual Fault Locator 30mw VFL Opti...,1898,4.2,0,2277.6,379.5999999999999,0,GoodsBazaar,Organic,4,2,High
Sakrai Non Contact AC Voltage Tester Pen Electric Volt ...,208,3.9,0,249.6,41.599999999999994,0,Sakrai,Organic,1,2,Low
Sakrai Non Contact AC Voltage Tester Pen Electric Volt ...,399,3.9,0,478.79999999999995,79.79999999999995,0,Sakrai,Organic,2,3,Mid-Low
"EDBIRET Stainless Steel, Zinc Alloy Polished Window Loc...",460,3.9,0,552.0,92.0,0,EDBIRET,Sponsored,5,5,Mid-Low
"EDBIRET Stainless Steel, Zinc Alloy Polished Window Loc...",999,3.9,0,1198.8,199.79999999999995,0,EDBIRET,Organic,2,1,Mid-High
"EDBIRET Stainless Steel, Zinc Alloy Polished Window Loc...",437,3.9,0,524.4,87.39999999999998,1,EDBIRET,Sponsored,3,3,Mid-Low
Hillgrove VLT2 Electrical Line Tester + Non Contact Vol...,323,3.7,0,387.59999999999997,64.59999999999997,0,Hillgrove,Organic,4,1,Mid-Low
Hillgrove VLT2 Electrical Line Tester + Non Contact Vol...,699,3.7,0,838.8,139.79999999999995,0,Hillgrove,Organic,5,1,Mid-Low
Hillgrove VLT2 Electrical Line Tester + Non Contact Vol...,307,3.7,0,368.4,61.39999999999998,0,Hillgrove,Organic,5,2,Low
INFINITY HELPER MG-004 Garden Tool Kit,483,3.7,0,579.6,96.60000000000002,0,INFINITY,Organic,3,1,Mid-Low
INFINITY HELPER MG-004 Garden Tool Kit,2701,3.7,0,3241.2,540.1999999999998,0,INFINITY,Sponsored,4,4,High
INFINITY HELPER MG-004 Garden Tool Kit,459,3.7,0,550.8,91.79999999999995,0,INFINITY,Organic,4,4,Mid-Low
EBOFAB AC Electric Voltage Power Detector Digital Volta...,234,4.3,0,280.8,46.80000000000001,1,EBOFAB,Organic,1,5,Low
EBOFAB AC Electric Voltage Power Detector Digital Volta...,599,4.3,0,718.8,119.79999999999995,0,EBOFAB,Organic,2,5,Mid-Low
EBOFAB AC Electric Voltage Power Detector Digital Volta...,222,4.3,0,266.4,44.39999999999998,0,EBOFAB,Organic,4,5,Low
Euclid Double Lamp Electric Pen Intelligent Tester Pen ...,201,4.3,0,241.2,40.19999999999999,0,Euclid,Organic,5,2,Low
Euclid Double Lamp Electric Pen Intelligent Tester Pen ...,499,4.3,0,598.8,99.79999999999995,0,Euclid,Sponsored,4,2,Mid-Low
Euclid Double Lamp Electric Pen Intelligent Tester Pen ...,190,4.3,0,228.0,38.0,0,Euclid,Organic,5,2,Low
Gadariya King Electrical Line Tester + Non Contact Volt...,204,4.3,0,244.79999999999998,40.79999999999998,1,Gadariya,Sponsored,1,4,Low
Gadariya King Electrical Line Tester + Non Contact Volt...,349,4.3,0,418.8,69.80000000000001,0,Gadariya,Organic,4,5,Mid-Low
Gadariya King Electrical Line Tester + Non Contact Volt...,194,4.3,0,232.79999999999998,38.79999999999998,0,Gadariya,Organic,2,3,Low
HTC AC-IV Pen Type Voltage Detector With Display (Yello...,756,4.3,0,907.1999999999999,151.19999999999993,1,HTC,Organic,5,4,Mid-Low
HTC AC-IV Pen Type Voltage Detector With Display (Yello...,1250,4.3,0,1500.0,250.0,1,HTC,Organic,4,1,Mid-High
NITYA Electric Test Pen Voltage Digital Detector Tester...,283,4.3,0,339.59999999999997,56.599999999999966,0,NITYA,Organic,5,5,Low
NITYA Electric Test Pen Voltage Digital Detector Tester...,999,4.3,0,1198.8,199.79999999999995,0,NITYA,Sponsored,2,5,Mid-High
NITYA Electric Test Pen Voltage Digital Detector Tester...,269,4.3,0,322.8,53.80000000000001,0,NITYA,Organic,2,4,Low
Autofledge AFVL1 Electrical Line Tester + Non Contact V...,196,3.6,0,235.2,39.19999999999999,0,Autofledge,Organic,1,1,Low
Autofledge AFVL1 Electrical Line Tester + Non Contact V...,730,3.6,0,876.0,146.0,0,Autofledge,Sponsored,3,1,Mid-Low
Autofledge AFVL1 Electrical Line Tester + Non Contact V...,185,3.6,0,222.0,37.0,0,Autofledge,Organic,4,3,Low
Divinext MT-20 Digital Wind Meter Air meter Anemometer ...,998,3.7,0,1197.6,199.5999999999999,1,Divinext,Organic,4,3,Mid-High
Divinext MT-20 Digital Wind Meter Air meter Anemometer ...,2000,3.7,0,2400.0,400.0,0,Divinext,Organic,5,3,High
GoodsBazaar 868 Wire Tracker Network Cable Detector LAN...,1599,3.7,0,1918.8,319.79999999999995,0,GoodsBazaar,Sponsored,3,2,Mid-High
GoodsBazaar 868 Wire Tracker Network Cable Detector LAN...,4000,3.7,0,4800.0,800.0,0,GoodsBazaar,Organic,5,1,High
GoodsBazaar 868 Wire Tracker Network Cable Detector LAN...,1519,3.7,0,1822.8,303.79999999999995,0,GoodsBazaar,Organic,2,3,Mid-High
SHREEJI ENTERPRISE Electric Pest Repellent Machine for ...,457,3.7,0,548.4,91.39999999999998,0,SHREEJI,Organic,2,5,Mid-Low
SHREEJI ENTERPRISE Electric Pest Repellent Machine for ...,999,3.7,0,1198.8,199.79999999999995,1,SHREEJI,Organic,3,3,Mid-High
SHREEJI ENTERPRISE Electric Pest Repellent Machine for ...,434,3.7,0,520.8,86.79999999999995,0,SHREEJI,Organic,3,2,Mid-Low
GoodsBazaar AFVL2 Electrical Line Tester + Non Contact ...,300,3.7,0,360.0,60.0,1,GoodsBazaar,Organic,2,4,Low
GoodsBazaar AFVL2 Electrical Line Tester + Non Contact ...,730,3.7,0,876.0,146.0,0,GoodsBazaar,Sponsored,5,1,Mid-Low
GoodsBazaar AFVL2 Electrical Line Tester + Non Contact ...,285,3.7,0,342.0,57.0,0,GoodsBazaar,Organic,4,4,Low
WOLBLIX Voltage Tester 90~1000V AC Electric Voltage Pow...,204,4.2,0,244.79999999999998,40.79999999999998,0,WOLBLIX,Organic,3,5,Low
WOLBLIX Voltage Tester 90~1000V AC Electric Voltage Pow...,499,4.2,0,598.8,99.79999999999995,0,WOLBLIX,Organic,1,5,Mid-Low
NITYA Sensitivity AC Voltage Detector Digital Voltage T...,616,4.2,0,739.1999999999999,123.19999999999993,1,NITYA,Organic,1,3,Mid-Low
NITYA Sensitivity AC Voltage Detector Digital Voltage T...,999,4.2,0,1198.8,199.79999999999995,1,NITYA,Organic,1,1,Mid-High
NITYA Sensitivity AC Voltage Detector Digital Voltage T...,585,4.2,0,702.0,117.0,0,NITYA,Organic,2,1,Mid-Low
HTC Instruments AC IV Pen Type Voltage Detector With Di...,703,4.2,0,843.6,140.60000000000002,0,HTC,Organic,5,2,Mid-Low
HTC Instruments AC IV Pen Type Voltage Detector With Di...,999,4.2,0,1198.8,199.79999999999995,1,HTC,Organic,3,2,Mid-High
HTC Instruments AC IV Pen Type Voltage Detector With Di...,668,4.2,0,801.6,133.60000000000002,0,HTC,Organic,3,2,Mid-Low
Hillgrove High Non Contact Pen with Flashlight & Sound ...,269,4.2,0,322.8,53.80000000000001,0,Hillgrove,Organic,1,3,Low
Hillgrove High Non Contact Pen with Flashlight & Sound ...,499,4.2,0,598.8,99.79999999999995,0,Hillgrove,Organic,2,5,Mid-Low
NITYA Volt Detector Test Pen Digital Voltage Tester,283,4.2,0,339.59999999999997,56.599999999999966,0,NITYA,Organic,5,5,Low
NITYA Volt Detector Test Pen Digital Voltage Tester,799,4.2,0,958.8,159.79999999999995,0,NITYA,Organic,3,1,Mid-Low
NITYA Volt Detector Test Pen Digital Voltage Tester,269,4.2,0,322.8,53.80000000000001,1,NITYA,Organic,4,4,Low
AirSoft Digital Voltage Pen | Electrician Tool Pen | Sm...,135,4.2,0,162.0,27.0,1,AirSoft,Organic,2,2,Low
AirSoft Digital Voltage Pen | Electrician Tool Pen | Sm...,419,4.2,0,502.79999999999995,83.79999999999995,0,AirSoft,Organic,3,5,Mid-Low
AirSoft Digital Voltage Pen | Electrician Tool Pen | Sm...,128,4.2,0,153.6,25.599999999999994,1,AirSoft,Organic,3,2,Low
AirSoft Live Wire Detector 12V-250V Dual LED Voltage De...,246,4.2,0,295.2,49.19999999999999,0,AirSoft,Sponsored,5,2,Low
AirSoft Live Wire Detector 12V-250V Dual LED Voltage De...,604,4.2,0,724.8,120.79999999999995,0,AirSoft,Organic,1,1,Mid-Low
AirSoft Live Wire Detector 12V-250V Dual LED Voltage De...,234,4.2,0,280.8,46.80000000000001,0,AirSoft,Organic,4,1,Low
DARIT Smoke and Fire Alarm,2068,4.2,0,2481.6,413.5999999999999,0,DARIT,Organic,5,5,High
DARIT Smoke and Fire Alarm,2800,4.2,0,3360.0,560.0,0,DARIT,Organic,4,3,High
DARIT Smoke and Fire Alarm,1968,4.2,0,2361.6,393.5999999999999,1,DARIT,Organic,1,1,High
Gadariya King Continuity Tester with Voltage Tester bat...,279,4.2,0,334.8,55.80000000000001,0,Gadariya,Organic,4,3,Low
Gadariya King Continuity Tester with Voltage Tester bat...,699,4.2,0,838.8,139.79999999999995,0,Gadariya,Sponsored,5,4,Mid-Low
Gadariya King Continuity Tester with Voltage Tester bat...,265,4.2,0,318.0,53.0,1,Gadariya,Sponsored,4,3,Low
Gadariya King Continuity Tester with Voltage Tester bat...,1455,3.8,7,1746.0,291.0,0,Gadariya,Sponsored,4,1,Mid-High
Gadariya King Continuity Tester with Voltage Tester bat...,1428,3.2,2,1713.6,285.5999999999999,0,Gadariya,Organic,4,3,Mid-High
Gadariya King Continuity Tester with Voltage Tester bat...,947,4.1,1,1136.3999999999999,189.39999999999986,0,Gadariya,Organic,3,5,Mid-High
Gadariya King Continuity Tester with Voltage Tester bat...,957,4.1,4,1148.3999999999999,191.39999999999986,0,Gadariya,Sponsored,2,1,Mid-High
Gadariya King Continuity Tester with Voltage Tester bat...,1519,,0,1822.8,303.79999999999995,0,Gadariya,Organic,1,1,Mid-High
Orlov WiFi Motion Sensor Alarm Smart Human Body Inducti...,1383,3.9,0,1659.6,276.5999999999999,0,Orlov,Organic,1,4,Mid-High
Orlov WiFi Motion Sensor Alarm Smart Human Body Inducti...,1999,3.9,0,2398.7999999999997,399.7999999999997,0,Orlov,Sponsored,2,4,High
Orlov WiFi Motion Sensor Alarm Smart Human Body Inducti...,1314,3.9,0,1576.8,262.79999999999995,0,Orlov,Sponsored,3,1,Mid-High
B MARK Safety Wedge Door Stop Alarm Stopper Blocking Tr...,401,3.9,0,481.2,80.19999999999999,0,B,Organic,2,4,Mid-Low
B MARK Safety Wedge Door Stop Alarm Stopper Blocking Tr...,999,3.9,0,1198.8,199.79999999999995,0,B,Organic,1,5,Mid-High
B MARK Safety Wedge Door Stop Alarm Stopper Blocking Tr...,381,3.9,0,457.2,76.19999999999999,1,B,Sponsored,1,5,Mid-Low
Geek Lab 70-250V Induction Power Detector Pen Electrica...,135,3.9,0,162.0,27.0,0,Geek,Organic,1,1,Low
Geek Lab 70-250V Induction Power Detector Pen Electrica...,200,3.9,0,240.0,40.0,0,Geek,Sponsored,5,3,Low
Geek Lab 70-250V Induction Power Detector Pen Electrica...,128,3.9,0,153.6,25.599999999999994,0,Geek,Organic,1,4,Low
"NITYA ECOMMERCE Voltage Detection Pen, Non-contact Volt...",399,3.9,0,478.79999999999995,79.79999999999995,0,NITYA,Organic,4,1,Mid-Low
"NITYA ECOMMERCE Voltage Detection Pen, Non-contact Volt...",799,3.9,0,958.8,159.79999999999995,0,NITYA,Organic,1,3,Mid-Low
"NITYA ECOMMERCE Voltage Detection Pen, Non-contact Volt...",379,3.9,0,454.8,75.80000000000001,0,NITYA,Organic,3,5,Mid-Low
Byoung Digital Voltage Tester,180,3.9,0,216.0,36.0,0,Byoung,Organic,1,3,Low
Byoung Digital Voltage Tester,499,3.9,0,598.8,99.79999999999995,0,Byoung,Organic,1,4,Mid-Low
Byoung Digital Voltage Tester,171,3.9,0,205.2,34.19999999999999,0,Byoung,Organic,2,1,Low
GoodsBazaar Thermometer Measuring Device with Backlight...,998,3.9,0,1197.6,199.5999999999999,0,GoodsBazaar,Sponsored,2,5,Mid-High
GoodsBazaar Thermometer Measuring Device with Backlight...,1999,3.9,0,2398.7999999999997,399.7999999999997,0,GoodsBazaar,Organic,4,3,High
GoodsBazaar Thermometer Measuring Device with Backlight...,948,3.9,0,1137.6,189.5999999999999,0,GoodsBazaar,Sponsored,3,2,Mid-High
Gadariya King 4 PCS Tester Voltage Non Contact Electric...,240,4.1,0,288.0,48.0,0,Gadariya,Organic,3,2,Low
Gadariya King 4 PCS Tester Voltage Non Contact Electric...,400,4.1,0,480.0,80.0,0,Gadariya,Sponsored,1,2,Mid-Low
uptodatetools WINTACT WT3010 LED AC Voltage Tester Non-...,622,4.1,0,746.4,124.39999999999998,1,uptodatetools,Organic,3,1,Mid-Low
uptodatetools WINTACT WT3010 LED AC Voltage Tester Non-...,2499,4.1,0,2998.7999999999997,499.7999999999997,0,uptodatetools,Organic,2,3,High
uptodatetools WINTACT WT3010 LED AC Voltage Tester Non-...,591,4.1,0,709.1999999999999,118.19999999999993,0,uptodatetools,Sponsored,5,3,Mid-Low
HTC Instrument HTC PSD II - Personal Safety Voltage Det...,866,4.1,0,1039.2,173.20000000000005,0,HTC,Organic,4,1,Mid-Low
HTC Instrument HTC PSD II - Personal Safety Voltage Det...,2999,4.1,0,3598.7999999999997,599.7999999999997,0,HTC,Organic,3,4,High
HTC Instrument HTC PSD II - Personal Safety Voltage Det...,823,4.1,0,987.5999999999999,164.5999999999999,0,HTC,Organic,1,2,Mid-Low
HTC HTC AC-IV Detector Digital Voltage Tester,694,2.5,0,832.8,138.79999999999995,1,HTC,Organic,3,4,Mid-Low
HTC HTC AC-IV Detector Digital Voltage Tester,1499,2.5,0,1798.8,299.79999999999995,0,HTC,Organic,5,2,Mid-High
Divinext 12-1000V AC / 48-1000V AC Dual Adjustable Sens...,498,4.6,0,597.6,99.60000000000002,0,Divinext,Organic,2,4,Mid-Low
Divinext 12-1000V AC / 48-1000V AC Dual Adjustable Sens...,1199,4.6,0,1438.8,239.79999999999995,0,Divinext,Organic,5,2,Mid-High
Divinext 12-1000V AC / 48-1000V AC Dual Adjustable Sens...,473,4.6,0,567.6,94.60000000000002,0,Divinext,Organic,4,3,Mid-Low
AirSoft Compact Voltage Detector 12V-250V Dual LED Volt...,226,4.6,0,271.2,45.19999999999999,1,AirSoft,Sponsored,1,5,Low
AirSoft Compact Voltage Detector 12V-250V Dual LED Volt...,554,4.6,0,664.8,110.79999999999995,0,AirSoft,Sponsored,4,5,Mid-Low
AirSoft Compact Voltage Detector 12V-250V Dual LED Volt...,215,4.6,0,258.0,43.0,0,AirSoft,Organic,5,2,Low
iconicfire ICONICFIRESD001 Smoke Alarm,1947,4.6,0,2336.4,389.4000000000001,1,iconicfire,Organic,5,2,High
iconicfire ICONICFIRESD001 Smoke Alarm,3199,4.6,0,3838.7999999999997,639.7999999999997,0,iconicfire,Organic,5,5,High
iconicfire ICONICFIRESD001 Smoke Alarm,1850,4.6,0,2220.0,370.0,1,iconicfire,Organic,1,5,High
Vertex Technologies 8 Zone Fire Alarm Panel Fire Alarm,12374,4.6,0,14848.8,2474.7999999999993,0,Vertex,Organic,3,1,High
Vertex Technologies 8 Zone Fire Alarm Panel Fire Alarm,13940,4.6,0,16728.0,2788.0,0,Vertex,Organic,3,2,High
Vertex Technologies 8 Zone Fire Alarm Panel Fire Alarm,12274,4.6,0,14728.8,2454.7999999999993,0,Vertex,Organic,5,4,High
NGWELD Welding Gas Diffuser Head Replacement Profession...,322,4.6,0,386.4,64.39999999999998,0,NGWELD,Organic,4,1,Low
NGWELD Welding Gas Diffuser Head Replacement Profession...,899,4.6,0,1078.8,179.79999999999995,0,NGWELD,Organic,5,2,Mid-Low
NGWELD Welding Gas Diffuser Head Replacement Profession...,306,4.6,0,367.2,61.19999999999999,0,NGWELD,Sponsored,1,4,Low
Niyanta Multi Functional Wireless WiFi Motion Sensor Al...,982,4.6,0,1178.3999999999999,196.39999999999986,1,Niyanta,Organic,2,4,Mid-High
Niyanta Multi Functional Wireless WiFi Motion Sensor Al...,2588,4.6,0,3105.6,517.5999999999999,0,Niyanta,Sponsored,5,4,High
Niyanta Multi Functional Wireless WiFi Motion Sensor Al...,933,4.6,0,1119.6,186.5999999999999,0,Niyanta,Organic,4,5,Mid-High
electrolight 40A High Quality Adjustable Intelligent Ov...,1261,4.2,0,1513.2,252.20000000000005,1,electrolight,Sponsored,5,4,Mid-High
electrolight 40A High Quality Adjustable Intelligent Ov...,2399,4.2,0,2878.7999999999997,479.7999999999997,0,electrolight,Sponsored,5,4,High
electrolight 40A High Quality Adjustable Intelligent Ov...,1198,4.2,0,1437.6,239.5999999999999,0,electrolight,Organic,2,3,Mid-High
Euclid Current Meter Responsive Electrical Voltage Test...,121,4.2,0,145.2,24.19999999999999,0,Euclid,Organic,3,1,Low
Euclid Current Meter Responsive Electrical Voltage Test...,499,4.2,0,598.8,99.79999999999995,0,Euclid,Organic,4,5,Mid-Low
Euclid Current Meter Responsive Electrical Voltage Test...,115,4.2,0,138.0,23.0,0,Euclid,Organic,5,1,Low
"PreciousPearl Steel, Iron Metallic Smart Lock",648,4.2,0,777.6,129.60000000000002,0,PreciousPearl,Organic,3,5,Mid-Low
"PreciousPearl Steel, Iron Metallic Smart Lock",1499,4.2,0,1798.8,299.79999999999995,1,PreciousPearl,Sponsored,1,4,Mid-High
"PreciousPearl Steel, Iron Metallic Smart Lock",616,4.2,0,739.1999999999999,123.19999999999993,0,PreciousPearl,Sponsored,2,4,Mid-Low
uptodatetools Non-Contact Voltage Detector Electric Pow...,1432,4.2,0,1718.3999999999999,286.39999999999986,0,uptodatetools,Sponsored,1,1,Mid-High
uptodatetools Non-Contact Voltage Detector Electric Pow...,2999,4.2,0,3598.7999999999997,599.7999999999997,0,uptodatetools,Sponsored,2,5,High
uptodatetools Non-Contact Voltage Detector Electric Pow...,1360,4.2,0,1632.0,272.0,0,uptodatetools,Organic,1,5,Mid-High
Safepro Fire Alarm,3287,4.2,0,3944.3999999999996,657.3999999999996,0,Safepro,Sponsored,1,4,High
Safepro Fire Alarm,7999,4.2,0,9598.8,1599.7999999999993,0,Safepro,Organic,2,5,High
Safepro Fire Alarm,3187,4.2,0,3824.3999999999996,637.3999999999996,0,Safepro,Sponsored,4,1,High
Digital Craft AC 90 to 1000 V Voltage Detector and Indi...,465,4.2,0,558.0,93.0,0,Digital,Sponsored,1,1,Mid-Low
Digital Craft AC 90 to 1000 V Voltage Detector and Indi...,899,4.2,0,1078.8,179.79999999999995,1,Digital,Organic,4,4,Mid-Low
Digital Craft AC 90 to 1000 V Voltage Detector and Indi...,442,4.2,0,530.4,88.39999999999998,0,Digital,Sponsored,1,1,Mid-Low
Divinext Pack of 2/Electrical Non Contact Voltage Detec...,300,4.2,0,360.0,60.0,1,Divinext,Sponsored,5,1,Low
Divinext Pack of 2/Electrical Non Contact Voltage Detec...,700,4.2,0,840.0,140.0,0,Divinext,Organic,4,5,Mid-Low
Divinext Pack of 2/Electrical Non Contact Voltage Detec...,285,4.2,0,342.0,57.0,1,Divinext,Organic,2,5,Low
Divinext Pack of 2/Electrical Non Contact Voltage Detec...,1455,3.8,7,1746.0,291.0,0,Divinext,Organic,2,2,Mid-High
Divinext Pack of 2/Electrical Non Contact Voltage Detec...,1428,3.2,2,1713.6,285.5999999999999,0,Divinext,Organic,1,5,Mid-High
Divinext Pack of 2/Electrical Non Contact Voltage Detec...,947,4.1,1,1136.3999999999999,189.39999999999986,0,Divinext,Organic,5,2,Mid-High
Divinext Pack of 2/Electrical Non Contact Voltage Detec...,957,4.1,4,1148.3999999999999,191.39999999999986,0,Divinext,Organic,1,1,Mid-High
Divinext Pack of 2/Electrical Non Contact Voltage Detec...,1519,,0,1822.8,303.79999999999995,0,Divinext,Organic,5,5,Mid-High
Orlov WiFi Motion Sensor Alarm Smart Human Body Inducti...,1383,3.9,0,1659.6,276.5999999999999,0,Orlov,Organic,2,1,Mid-High
Orlov WiFi Motion Sensor Alarm Smart Human Body Inducti...,1999,3.9,0,2398.7999999999997,399.7999999999997,0,Orlov,Organic,5,5,High
Orlov WiFi Motion Sensor Alarm Smart Human Body Inducti...,1314,3.9,0,1576.8,262.79999999999995,0,Orlov,Organic,1,4,Mid-High
B MARK Safety Wedge Door Stop Alarm Stopper Blocking Tr...,401,3.9,0,481.2,80.19999999999999,0,B,Organic,2,3,Mid-Low
B MARK Safety Wedge Door Stop Alarm Stopper Blocking Tr...,999,3.9,0,1198.8,199.79999999999995,0,B,Organic,2,4,Mid-High
B MARK Safety Wedge Door Stop Alarm Stopper Blocking Tr...,381,3.9,0,457.2,76.19999999999999,0,B,Organic,5,2,Mid-Low
Geek Lab 70-250V Induction Power Detector Pen Electrica...,135,3.9,0,162.0,27.0,0,Geek,Sponsored,1,5,Low
Geek Lab 70-250V Induction Power Detector Pen Electrica...,200,3.9,0,240.0,40.0,1,Geek,Organic,3,2,Low
Geek Lab 70-250V Induction Power Detector Pen Electrica...,128,3.9,0,153.6,25.599999999999994,0,Geek,Organic,4,3,Low
"NITYA ECOMMERCE Voltage Detection Pen, Non-contact Volt...",399,3.9,0,478.79999999999995,79.79999999999995,1,NITYA,Organic,1,5,Mid-Low
"NITYA ECOMMERCE Voltage Detection Pen, Non-contact Volt...",799,3.9,0,958.8,159.79999999999995,0,NITYA,Sponsored,2,1,Mid-Low
"NITYA ECOMMERCE Voltage Detection Pen, Non-contact Volt...",379,3.9,0,454.8,75.80000000000001,0,NITYA,Organic,1,1,Mid-Low
Byoung Digital Voltage Tester,180,3.9,0,216.0,36.0,1,Byoung,Organic,3,4,Low
Byoung Digital Voltage Tester,499,3.9,0,598.8,99.79999999999995,0,Byoung,Organic,3,5,Mid-Low
Byoung Digital Voltage Tester,171,3.9,0,205.2,34.19999999999999,0,Byoung,Organic,2,3,Low
GoodsBazaar Thermometer Measuring Device with Backlight...,998,3.9,0,1197.6,199.5999999999999,0,GoodsBazaar,Organic,4,4,Mid-High
GoodsBazaar Thermometer Measuring Device with Backlight...,1999,3.9,0,2398.7999999999997,399.7999999999997,0,GoodsBazaar,Organic,5,1,High
GoodsBazaar Thermometer Measuring Device with Backlight...,948,3.9,0,1137.6,189.5999999999999,0,GoodsBazaar,Organic,5,4,Mid-High
Gadariya King 4 PCS Tester Voltage Non Contact Electric...,240,4.1,0,288.0,48.0,0,Gadariya,Organic,2,2,Low
Gadariya King 4 PCS Tester Voltage Non Contact Electric...,400,4.1,0,480.0,80.0,1,Gadariya,Sponsored,1,2,Mid-Low
uptodatetools WINTACT WT3010 LED AC Voltage Tester Non-...,622,4.1,0,746.4,124.39999999999998,0,uptodatetools,Organic,5,4,Mid-Low
uptodatetools WINTACT WT3010 LED AC Voltage Tester Non-...,2499,4.1,0,2998.7999999999997,499.7999999999997,0,uptodatetools,Organic,5,5,High
uptodatetools WINTACT WT3010 LED AC Voltage Tester Non-...,591,4.1,0,709.1999999999999,118.19999999999993,0,uptodatetools,Sponsored,1,4,Mid-Low
HTC Instrument HTC PSD II - Personal Safety Voltage Det...,866,4.1,0,1039.2,173.20000000000005,0,HTC,Organic,3,1,Mid-Low
HTC Instrument HTC PSD II - Personal Safety Voltage Det...,2999,4.1,0,3598.7999999999997,599.7999999999997,0,HTC,Sponsored,1,2,High
HTC Instrument HTC PSD II - Personal Safety Voltage Det...,823,4.1,0,987.5999999999999,164.5999999999999,0,HTC,Organic,1,2,Mid-Low
HTC HTC AC-IV Detector Digital Voltage Tester,694,2.5,0,832.8,138.79999999999995,0,HTC,Sponsored,3,4,Mid-Low
HTC HTC AC-IV Detector Digital Voltage Tester,1499,2.5,0,1798.8,299.79999999999995,0,HTC,Sponsored,1,1,Mid-High
Divinext 12-1000V AC / 48-1000V AC Dual Adjustable Sens...,498,4.6,0,597.6,99.60000000000002,0,Divinext,Organic,2,3,Mid-Low
Divinext 12-1000V AC / 48-1000V AC Dual Adjustable Sens...,1199,4.6,0,1438.8,239.79999999999995,1,Divinext,Organic,2,2,Mid-High
Divinext 12-1000V AC / 48-1000V AC Dual Adjustable Sens...,473,4.6,0,567.6,94.60000000000002,0,Divinext,Organic,1,3,Mid-Low
AirSoft Compact Voltage Detector 12V-250V Dual LED Volt...,226,4.6,0,271.2,45.19999999999999,0,AirSoft,Organic,2,1,Low
AirSoft Compact Voltage Detector 12V-250V Dual LED Volt...,554,4.6,0,664.8,110.79999999999995,0,AirSoft,Organic,1,2,Mid-Low
AirSoft Compact Voltage Detector 12V-250V Dual LED Volt...,215,4.6,0,258.0,43.0,0,AirSoft,Organic,5,5,Low
iconicfire ICONICFIRESD001 Smoke Alarm,1947,4.6,0,2336.4,389.4000000000001,0,iconicfire,Organic,3,3,High
iconicfire ICONICFIRESD001 Smoke Alarm,3199,4.6,0,3838.7999999999997,639.7999999999997,0,iconicfire,Sponsored,2,1,High
iconicfire ICONICFIRESD001 Smoke Alarm,1850,4.6,0,2220.0,370.0,0,iconicfire,Sponsored,1,1,High
Vertex Technologies 8 Zone Fire Alarm Panel Fire Alarm,12374,4.6,0,14848.8,2474.7999999999993,0,Vertex,Organic,4,4,High
Vertex Technologies 8 Zone Fire Alarm Panel Fire Alarm,13940,4.6,0,16728.0,2788.0,0,Vertex,Sponsored,3,1,High
Vertex Technologies 8 Zone Fire Alarm Panel Fire Alarm,12274,4.6,0,14728.8,2454.7999999999993,0,Vertex,Sponsored,5,4,High
NGWELD Welding Gas Diffuser Head Replacement Profession...,322,4.6,0,386.4,64.39999999999998,1,NGWELD,Organic,3,2,Low
NGWELD Welding Gas Diffuser Head Replacement Profession...,899,4.6,0,1078.8,179.79999999999995,1,NGWELD,Organic,4,3,Mid-Low
NGWELD Welding Gas Diffuser Head Replacement Profession...,306,4.6,0,367.2,61.19999999999999,0,NGWELD,Organic,2,3,Low
Niyanta Multi Functional Wireless WiFi Motion Sensor Al...,982,4.6,0,1178.3999999999999,196.39999999999986,1,Niyanta,Organic,2,1,Mid-High
Niyanta Multi Functional Wireless WiFi Motion Sensor Al...,2588,4.6,0,3105.6,517.5999999999999,1,Niyanta,Organic,1,3,High
Niyanta Multi Functional Wireless WiFi Motion Sensor Al...,933,4.6,0,1119.6,186.5999999999999,0,Niyanta,Sponsored,5,5,Mid-High
electrolight 40A High Quality Adjustable Intelligent Ov...,1261,4.2,0,1513.2,252.20000000000005,0,electrolight,Organic,2,3,Mid-High
electrolight 40A High Quality Adjustable Intelligent Ov...,2399,4.2,0,2878.7999999999997,479.7999999999997,0,electrolight,Organic,1,1,High
electrolight 40A High Quality Adjustable Intelligent Ov...,1198,4.2,0,1437.6,239.5999999999999,0,electrolight,Organic,3,5,Mid-High
Euclid Current Meter Responsive Electrical Voltage Test...,121,4.2,0,145.2,24.19999999999999,0,Euclid,Organic,5,1,Low
Euclid Current Meter Responsive Electrical Voltage Test...,499,4.2,0,598.8,99.79999999999995,0,Euclid,Organic,5,5,Mid-Low
Euclid Current Meter Responsive Electrical Voltage Test...,115,4.2,0,138.0,23.0,0,Euclid,Sponsored,2,5,Low
"PreciousPearl Steel, Iron Metallic Smart Lock",648,4.2,0,777.6,129.60000000000002,0,PreciousPearl,Organic,3,1,Mid-Low
"PreciousPearl Steel, Iron Metallic Smart Lock",1499,4.2,0,1798.8,299.79999999999995,0,PreciousPearl,Organic,4,5,Mid-High
"PreciousPearl Steel, Iron Metallic Smart Lock",616,4.2,0,739.1999999999999,123.19999999999993,0,PreciousPearl,Organic,5,3,Mid-Low
uptodatetools Non-Contact Voltage Detector Electric Pow...,1432,4.2,0,1718.3999999999999,286.39999999999986,0,uptodatetools,Organic,3,4,Mid-High
uptodatetools Non-Contact Voltage Detector Electric Pow...,2999,4.2,0,3598.7999999999997,599.7999999999997,0,uptodatetools,Organic,1,5,High
uptodatetools Non-Contact Voltage Detector Electric Pow...,1360,4.2,0,1632.0,272.0,0,uptodatetools,Organic,5,1,Mid-High
Safepro Fire Alarm,3287,4.2,0,3944.3999999999996,657.3999999999996,0,Safepro,Organic,1,2,High
Safepro Fire Alarm,7999,4.2,0,9598.8,1599.7999999999993,0,Safepro,Organic,2,3,High
Safepro Fire Alarm,3187,4.2,0,3824.3999999999996,637.3999999999996,0,Safepro,Organic,5,5,High
Digital Craft AC 90 to 1000 V Voltage Detector and Indi...,465,4.2,0,558.0,93.0,0,Digital,Sponsored,4,3,Mid-Low
Digital Craft AC 90 to 1000 V Voltage Detector and Indi...,899,4.2,0,1078.8,179.79999999999995,0,Digital,Organic,4,1,Mid-Low
Digital Craft AC 90 to 1000 V Voltage Detector and Indi...,442,4.2,0,530.4,88.39999999999998,0,Digital,Sponsored,4,1,Mid-Low
Divinext Pack of 2/Electrical Non Contact Voltage Detec...,300,4.2,0,360.0,60.0,0,Divinext,Organic,1,3,Low
Divinext Pack of 2/Electrical Non Contact Voltage Detec...,700,4.2,0,840.0,140.0,0,Divinext,Organic,1,4,Mid-Low
Divinext Pack of 2/Electrical Non Contact Voltage Detec...,285,4.2,0,342.0,57.0,0,Divinext,Organic,4,1,Low
Divinext Pack of 2/Electrical Non Contact Voltage Detec...,1455,3.8,7,1746.0,291.0,1,Divinext,Organic,5,5,Mid-High
Divinext Pack of 2/Electrical Non Contact Voltage Detec...,1428,3.2,2,1713.6,285.5999999999999,0,Divinext,Organic,1,3,Mid-High
Divinext Pack of 2/Electrical Non Contact Voltage Detec...,947,4.1,1,1136.3999999999999,189.39999999999986,0,Divinext,Organic,5,2,Mid-High
Divinext Pack of 2/Electrical Non Contact Voltage Detec...,957,4.1,4,1148.3999999999999,191.39999999999986,0,Divinext,Organic,2,1,Mid-High
Divinext Pack of 2/Electrical Non Contact Voltage Detec...,1519,,0,1822.8,303.79999999999995,0,Divinext,Organic,3,1,Mid-High
Gas Detectors,1455,3.8,7,1746.0,291.0,0,Gas,Organic,5,1,Mid-High
Gas Detectors,1428,3.2,2,1713.6,285.5999999999999,0,Gas,Organic,4,5,Mid-High
Gas Detectors,947,4.1,1,1136.3999999999999,189.39999999999986,0,Gas,Organic,1,3,Mid-High
Gas Detectors,957,4.1,4,1148.3999999999999,191.39999999999986,0,Gas,Organic,3,4,Mid-High
Gas Detectors,1519,,0,1822.8,303.79999999999995,0,Gas,Organic,2,2,Mid-High
Gas Detectors,1455,3.8,7,1746.0,291.0,1,Gas,Organic,1,5,Mid-High
Gas Detectors,1428,3.2,2,1713.6,285.5999999999999,0,Gas,Sponsored,3,4,Mid-High
Gas Detectors,947,4.1,1,1136.3999999999999,189.39999999999986,0,Gas,Sponsored,1,4,Mid-High
Gas Detectors,957,4.1,4,1148.3999999999999,191.39999999999986,0,Gas,Organic,3,3,Mid-High
Gas Detectors,1519,,0,1822.8,303.79999999999995,0,Gas,Organic,2,1,Mid-High
